-- phpMyAdmin SQL Dump
-- version 4.6.5.2
-- https://www.phpmyadmin.net/
--
-- Host: 127.0.0.1
-- Generation Time: Sep 27, 2017 at 09:55 PM
-- Server version: 10.1.21-MariaDB
-- PHP Version: 7.1.1

SET SQL_MODE = "NO_AUTO_VALUE_ON_ZERO";
SET time_zone = "+00:00";


/*!40101 SET @OLD_CHARACTER_SET_CLIENT=@@CHARACTER_SET_CLIENT */;
/*!40101 SET @OLD_CHARACTER_SET_RESULTS=@@CHARACTER_SET_RESULTS */;
/*!40101 SET @OLD_COLLATION_CONNECTION=@@COLLATION_CONNECTION */;
/*!40101 SET NAMES utf8mb4 */;

--
-- Database: `bitsoabw_aew`
--

-- --------------------------------------------------------

--
-- Table structure for table `attachments`
--

CREATE TABLE `attachments` (
  `attachment_id` int(10) UNSIGNED NOT NULL,
  `client_drawing_path` longtext COLLATE utf8mb4_unicode_ci NOT NULL,
  `client_drwaing_no` varchar(191) COLLATE utf8mb4_unicode_ci NOT NULL,
  `cost_sheet_path` varchar(191) COLLATE utf8mb4_unicode_ci NOT NULL DEFAULT '',
  `aew_drawing_path` varchar(191) COLLATE utf8mb4_unicode_ci NOT NULL DEFAULT '',
  `enquiry_mail_path` varchar(191) COLLATE utf8mb4_unicode_ci NOT NULL DEFAULT ''
) ENGINE=InnoDB DEFAULT CHARSET=utf8mb4 COLLATE=utf8mb4_unicode_ci;

--
-- Dumping data for table `attachments`
--

INSERT INTO `attachments` (`attachment_id`, `client_drawing_path`, `client_drwaing_no`, `cost_sheet_path`, `aew_drawing_path`, `enquiry_mail_path`) VALUES
(1, 'docs/enq1/drawing1.pdf,docs/enq1/drawing2.pdf,docs/enq1/drawing3.pdf,docs/enq1/drawing4.pdf', 'BW-SP-03-42,BW-SP-06-45,IRIL-M-02-384,IRIL-SP-08-24', 'docs/enq1/costsheet1.pdf', 'docs/enq1/aewdrawing.pdf', 'docs/enq1/enq_mail1.pdf'),
(6, 'public/documents/EN-2017-204/Client Drawing/596ccc24eb595Return Acknowledgement Receipt.pdf,public/documents/EN-2017-204/Client Drawing/596ccc24ec9faInsta Paymsedc.pdf', 'DR-204-002,DR-204-001', 'public/documents/EN-2017-204/Cost Sheet/596ccc24ed747TallyODBC_9000.dsn', 'public/documents/EN-2017-204/AEW Drawing/596ccc24ee97fYogesh K. Mistry.docx', 'public/documents/EN-2017-204/Enquiry Mail Copy/596ccc24f0009TallyODBC64_9000.dsn'),
(7, 'public/documents/EEE-56565/Client Drawing/596cd951e7268NIITReport07_11_2014.txt', 'dddd9999', 'public/documents/EEE-56565/Cost Sheet/596cd951e8c3bNIITReport12-11-2014.txt', 'public/documents/EEE-56565/AEW Drawing/596cd951e9f9cNIITReport12-11-2014.txt', ''),
(8, 'Client Drawing 3.pdf,Client Drawing 2.pdf,Client Drawing 1.pdf,Client Drawing 4.pdf,Client Drawing 4.pdf', 'DR-2016-03,DR-2016-02,DR-2016-01,NEWDR,NEWDR', 'Cost Sheet 2.xlsx,Cost Sheet 1.xlsx', 'AEW Drawing 2.pdf,AEW Drawing 1.pdf', 'Enquiry Copy.pdf'),
(9, 'public/documents/EN-2017-07-16-009/Client Drawing/596cda81a8c15NIITReport07_11_2014.txt', 'D9', 'public/documents/EN-2017-07-16-009/Cost Sheet/596cda81a9f55NIITReport12-11-2014.txt', 'public/documents/EN-2017-07-16-009/AEW Drawing/596cda81ab4c5NIITReport12-11-2014.txt', 'public/documents/EN-2017-07-16-009/Enquiry Mail Copy/596cda81ac970NIITReport12-11-2014.txt'),
(10, 'public/documents/PPP/Client Drawing/596cdd00b66c2NIITReport07_11_2014.txt', 'aaa6', 'public/documents/PPP/Cost Sheet/596cdd00b7d6fNIITReport12-11-2014.txt', 'public/documents/PPP/AEW Drawing/596cdd00b9195NIITReport12-11-2014.txt', 'public/documents/PPP/Enquiry Mail Copy/596cdd00ba220NIITReport12-11-2014.txt'),
(11, 'documents/EN-2017-07-16-009/Client Drawing/596ce08ca1266Client Drawing 1.pdf', 'DDD-111', 'documents/EN-2017-07-16-009/Cost Sheet/596ce08ca24ccCost Sheet 1.xlsx', 'documents/EN-2017-07-16-009/AEW Drawing/596ce08ca3294AEW Drawing 1.pdf', 'documents/EN-2017-07-16-009/Enquiry Mail Copy/596ce08ca401aEnquiry Copy.pdf'),
(12, '596cee14c7606 Client Drawing 1.pdf', 'DR-MH-04-003,DR-MH-04-002,DR-MH-04-001', 'documents/QQQ-9876543210/Cost Sheet/596cee14c8785 Cost Sheet 1.xlsx', 'documents/QQQ-9876543210/AEW Drawing/596cee14ca061 AEW Drawing 1.pdf', 'documents/QQQ-9876543210/Enquiry Mail Copy/596cee14cb68d Enquiry Copy.pdf'),
(14, 'Client Drawing 2.pdf', 'DDD999', '', '', ''),
(15, 'Client Drawing 1.pdf', '2222222222,11111111', 'documents/dfdfgdfdgfgdfgd/Cost Sheet/Cost Sheet 2.xlsx,documents/dfdfgdfdgfgdfgd/Cost Sheet/Cost Sheet 1.xlsx', 'documents/dfdfgdfdgfgdfgd/AEW Drawing/AEW Drawing 2.pdf,documents/dfdfgdfdgfgdfgd/AEW Drawing/AEW Drawing 1.pdf', 'documents/dfdfgdfdgfgdfgd/Enquiry Mail Copy/Enquiry Copy.pdf'),
(16, 'Client Drawing 3.pdf,Client Drawing 2.pdf,Client Drawing 1.pdf', 'CDR-2017-03,CDR-2017-02,CDR-2017-01', 'Cost Sheet 2.xlsx,Cost Sheet 1.xlsx', 'AEW Drawing 2.pdf,AEW Drawing 1.pdf', 'Enquiry Copy.pdf'),
(48, 'Screenshot (4).png', 'SDR-095', '', '', ''),
(49, 'Screenshot (4).png', 'ASQ-985', '', '', ''),
(69, 'sample-logo-229x72.png', 'BHN-4120', '', '', ''),
(71, 'DSC01070.JPG', 'NBNM-99', '', '', ''),
(72, 'DSC01232.JPG', 'ZXC-987', '', '', ''),
(73, 'DSC01132.JPG', 'AZZX-960', '', '', ''),
(76, 'DSC01191.JPG', '32XS', '', '', ''),
(77, 'DSC00633.JPG', 'SDS66', '', '', ''),
(78, 'DSC01209.JPG', 'XSDC-965', '', '', ''),
(79, 'DSC01070.JPG', '4554lkl', '', '', ''),
(83, 'DSC01171.JPG', '4545WWE', '', '', ''),
(84, 'DSC01191.JPG', '4545WEW', '', '', ''),
(85, 'DSC01241.JPG', '989QWQW', '', '', ''),
(86, 'DSC01232.JPG', 'DFG-456', '', '', ''),
(87, 'DSC01094.JPG', 'XXSC-965', '', '', ''),
(90, 'DSC01094.JPG', 'SDDW2510', '', '', ''),
(91, 'Client Drawing 4.pdf', 'DR-204-001', '', '', ''),
(100, 'Client Drawing 3.pdf', 'DR-204-001', '', '', ''),
(101, 'Client Drawing 3.pdf', 'DR-204-001', '', '', ''),
(102, 'Client Drawing 2.pdf,Client Drawing 1.pdf', 'NBNM-99,MMMMMM', '', '', ''),
(103, 'Client Drawing 2.pdf,Client Drawing 1.pdf', 'NBNM-99,FSDFDSF', '', '', ''),
(164, 'Client Drawing 3.pdf,Client Drawing 2.pdf', 'NBNM-99,MKIUJN', '', '', ''),
(165, 'Client Drawing 3.pdf,Client Drawing 2.pdf', 'NBNM-99,HUF997', '', '', ''),
(166, 'Client Drawing 2.pdf,Client Drawing 1.pdf', 'NNNNJ-99,MKIUJN', '', '', ''),
(167, 'Client Drawing 2.pdf,Client Drawing 1.pdf', '4444kkkk,MKIUJN', '', '', ''),
(169, 'Client Drawing 1.pdf', 'BBBNBNBN', '', '', 'Enquiry Copy.pdf');

-- --------------------------------------------------------

--
-- Table structure for table `cities`
--

CREATE TABLE `cities` (
  `city_id` int(10) UNSIGNED NOT NULL,
  `state_id` int(10) UNSIGNED NOT NULL,
  `city` varchar(191) COLLATE utf8mb4_unicode_ci NOT NULL,
  `active` tinyint(1) NOT NULL DEFAULT '1'
) ENGINE=InnoDB DEFAULT CHARSET=utf8mb4 COLLATE=utf8mb4_unicode_ci;

--
-- Dumping data for table `cities`
--

INSERT INTO `cities` (`city_id`, `state_id`, `city`, `active`) VALUES
(1, 4, 'Abhayapuri', 1),
(2, 14, 'Achabbal', 1),
(3, 33, 'Achhnera', 1),
(4, 11, 'Adalaj', 1),
(5, 33, 'Adari', 1),
(6, 31, 'Adilabad', 1),
(7, 11, 'Adityana', 1),
(8, 2, 'Adoni', 1),
(9, 17, 'Adoor', 1),
(10, 35, 'Adra', 1),
(11, 32, 'Agartala', 1),
(12, 33, 'Agra', 1),
(13, 6, 'Ahiwara', 1),
(14, 11, 'Ahmedabad', 1),
(15, 27, 'Ahmedgarh', 1),
(16, 20, 'Ahmednagar', 1),
(17, 23, 'Aizawl', 1),
(18, 28, 'Ajmer', 1),
(19, 6, 'Akaltara', 1),
(20, 17, 'Akathiyoor', 1),
(21, 14, 'Akhnoor', 1),
(22, 20, 'Akola', 1),
(23, 11, 'Alang', 1),
(24, 17, 'Alappuzha', 1),
(25, 10, 'Aldona', 1),
(26, 33, 'Aligarh', 1),
(27, 35, 'Alipurduar', 1),
(28, 33, 'Allahabad', 1),
(29, 34, 'Almora', 1),
(30, 3, 'Along', 1),
(31, 28, 'Alwar', 1),
(32, 2, 'Amadalavalasa', 1),
(33, 2, 'Amalapuram', 1),
(34, 5, 'Amarpur', 1),
(35, 6, 'Ambagarh Chowki', 1),
(36, 11, 'Ambaji', 1),
(37, 12, 'Ambala', 1),
(38, 11, 'Ambaliyasan', 1),
(39, 6, 'Ambikapur', 1),
(40, 4, 'Amguri', 1),
(41, 15, 'Amlabad', 1),
(42, 7, 'Amli', 1),
(43, 20, 'Amravati', 1),
(44, 11, 'Amreli', 1),
(45, 27, 'Amritsar', 1),
(46, 33, 'Amroha', 1),
(47, 2, 'Anakapalle', 1),
(48, 11, 'Anand', 1),
(49, 25, 'Anandapur', 1),
(50, 4, 'Anandnagaar', 1),
(51, 2, 'Anantapur', 1),
(52, 14, 'Anantnag', 1),
(53, 17, 'Ancharakandy', 1),
(54, 11, 'Andada', 1),
(55, 11, 'Anjar', 1),
(56, 11, 'Anklav', 1),
(57, 11, 'Ankleshwar', 1),
(58, 11, 'Antaliya', 1),
(59, 25, 'Anugul', 1),
(60, 15, 'Ara', 1),
(61, 30, 'Arakkonam', 1),
(62, 35, 'Arambagh', 1),
(63, 11, 'Arambhada', 1),
(64, 6, 'Arang', 1),
(65, 5, 'Araria', 1),
(66, 16, 'Arasikere', 1),
(67, 30, 'Arcot', 1),
(68, 5, 'Areraj', 1),
(69, 13, 'Arki', 1),
(70, 14, 'Arnia', 1),
(71, 17, 'Aroor', 1),
(72, 5, 'Arrah', 1),
(73, 30, 'Aruppukkottai', 1),
(74, 12, 'Asankhurd', 1),
(75, 35, 'Asansol', 1),
(76, 5, 'Asarganj', 1),
(77, 19, 'Ashok Nagar', 1),
(78, 17, 'Ashtamichira', 1),
(79, 25, 'Asika', 1),
(80, 9, 'Asola', 1),
(81, 12, 'Assandh', 1),
(82, 12, 'Ateli', 1),
(83, 17, 'Attingal', 1),
(84, 11, 'Atul', 1),
(85, 5, 'Aurangabad', 1),
(86, 20, 'Aurangabad', 1),
(87, 17, 'Avinissery', 1),
(88, 14, 'Awantipora', 1),
(89, 33, 'Azamgarh', 1),
(90, 12, 'Babiyal', 1),
(91, 13, 'Baddi', 1),
(92, 6, 'Bade Bacheli', 1),
(93, 2, 'Badepalle', 1),
(94, 32, 'Badharghat', 1),
(95, 5, 'Bagaha', 1),
(96, 5, 'Bahadurganj', 1),
(97, 12, 'Bahadurgarh', 1),
(98, 35, 'Baharampur', 1),
(99, 33, 'Bahraich', 1),
(100, 5, 'Bairgania', 1),
(101, 5, 'Bakhtiarpur', 1),
(102, 19, 'Balaghat', 1),
(103, 25, 'Balangir', 1),
(104, 25, 'Balasore', 1),
(105, 25, 'Baleshwar', 1),
(106, 28, 'Bali', 1),
(107, 12, 'Ballabhgarh', 1),
(108, 33, 'Ballia', 1),
(109, 35, 'Bally', 1),
(110, 6, 'Balod', 1),
(111, 6, 'Baloda Bazar', 1),
(112, 33, 'Balrampur', 1),
(113, 35, 'Balurghat', 1),
(114, 25, 'Bamra', 1),
(115, 33, 'Banda', 1),
(116, 28, 'Bandikui', 1),
(117, 14, 'Bandipore', 1),
(118, 16, 'Bangalore', 1),
(119, 2, 'Banganapalle', 1),
(120, 5, 'Banka', 1),
(121, 35, 'Bankura', 1),
(122, 5, 'Banmankhi Bazar', 1),
(123, 28, 'Banswara', 1),
(124, 2, 'Bapatla', 1),
(125, 5, 'Barahiya', 1),
(126, 35, 'Barakar', 1),
(127, 20, 'Baramati', 1),
(128, 14, 'Baramula', 1),
(129, 28, 'Baran', 1),
(130, 35, 'Barasat', 1),
(131, 5, 'Barauli', 1),
(132, 5, 'Barbigha', 1),
(133, 25, 'Barbil', 1),
(134, 35, 'Bardhaman', 1),
(135, 33, 'Bareilly', 1),
(136, 25, 'Bargarh', 1),
(137, 5, 'Barh', 1),
(138, 25, 'Baripada', 1),
(139, 28, 'Barmer', 1),
(140, 27, 'Barnala', 1),
(141, 4, 'Barpeta', 1),
(142, 4, 'Barpeta Road', 1),
(143, 15, 'Barughutu', 1),
(144, 12, 'Barwala', 1),
(145, 25, 'Basudebpur', 1),
(146, 27, 'Batala', 1),
(147, 27, 'Bathinda', 1),
(148, 34, 'Bazpur', 1),
(149, 5, 'Begusarai', 1),
(150, 5, 'Behea', 1),
(151, 16, 'Belgaum', 1),
(152, 2, 'Bellampalle', 1),
(153, 16, 'Bellary', 1),
(154, 25, 'Belpahar', 1),
(155, 6, 'Bemetra', 1),
(156, 2, 'Bethamcherla', 1),
(157, 5, 'Bettiah', 1),
(158, 19, 'Betul', 1),
(159, 5, 'Bhabua', 1),
(160, 2, 'Bhadrachalam', 1),
(161, 25, 'Bhadrak', 1),
(162, 5, 'Bhagalpur', 1),
(163, 27, 'Bhagha Purana', 1),
(164, 2, 'Bhainsa', 1),
(165, 11, 'Bharuch', 1),
(166, 6, 'Bhatapara', 1),
(167, 30, 'Bhavani', 1),
(168, 11, 'Bhavnagar', 1),
(169, 25, 'Bhawanipatna', 1),
(170, 2, 'Bheemunipatnam', 1),
(171, 2, 'Bhimavaram', 1),
(172, 12, 'Bhiwani', 1),
(173, 2, 'Bhongir', 1),
(174, 19, 'Bhopal', 1),
(175, 25, 'Bhuban', 1),
(176, 25, 'Bhubaneswar', 1),
(177, 11, 'Bhuj', 1),
(178, 35, 'Bidhan Nagar', 1),
(179, 5, 'Bihar Sharif', 1),
(180, 28, 'Bikaner', 1),
(181, 5, 'Bikramganj', 1),
(182, 4, 'Bilasipara', 1),
(183, 6, 'Bilaspur', 1),
(184, 13, 'Bilaspur', 1),
(185, 25, 'Biramitrapur', 1),
(186, 6, 'Birgaon', 1),
(187, 2, 'Bobbili', 1),
(188, 5, 'Bodh Gaya', 1),
(189, 2, 'Bodhan', 1),
(190, 15, 'Bokaro Steel City', 1),
(191, 3, 'Bomdila', 1),
(192, 4, 'Bongaigaon', 1),
(193, 25, 'Brahmapur', 1),
(194, 25, 'Brajrajnagar', 1),
(195, 27, 'Budhlada', 1),
(196, 19, 'Burhanpur', 1),
(197, 5, 'Buxar', 1),
(198, 25, 'Byasanagar', 1),
(199, 35, 'Calcutta', 1),
(200, 11, 'Cambay', 1),
(201, 15, 'Chaibasa', 1),
(202, 15, 'Chakradharpur', 1),
(203, 17, 'Chalakudy', 1),
(204, 20, 'Chalisgaon', 1),
(205, 13, 'Chamba', 1),
(206, 34, 'Chamba', 1),
(207, 6, 'Champa', 1),
(208, 23, 'Champhai', 1),
(209, 16, 'Chamrajnagar', 1),
(210, 5, 'Chandan Bara', 1),
(211, 33, 'Chandausi', 1),
(212, 27, 'Chandigarh', 1),
(213, 15, 'Chandrapura', 1),
(214, 17, 'Changanassery', 1),
(215, 5, 'Chanpatia', 1),
(216, 12, 'Charkhi Dadri', 1),
(217, 15, 'Chatra', 1),
(218, 12, 'Cheeka', 1),
(219, 17, 'Chendamangalam', 1),
(220, 30, 'Chengalpattu', 1),
(221, 17, 'Chengannur', 1),
(222, 30, 'Chennai', 1),
(223, 17, 'Cherthala', 1),
(224, 17, 'Cheruthazham', 1),
(225, 5, 'Chhapra', 1),
(226, 19, 'Chhatarpur', 1),
(227, 16, 'Chikkaballapur', 1),
(228, 16, 'Chikmagalur', 1),
(229, 2, 'Chilakaluripet', 1),
(230, 20, 'Chinchani', 1),
(231, 30, 'Chinna salem', 1),
(232, 35, 'Chinsura', 1),
(233, 16, 'Chintamani', 1),
(234, 2, 'Chirala', 1),
(235, 15, 'Chirkunda', 1),
(236, 6, 'Chirmiri', 1),
(237, 16, 'Chitradurga', 1),
(238, 2, 'Chittoor', 1),
(239, 17, 'Chittur-Thathamangalam', 1),
(240, 17, 'Chockli', 1),
(241, 15, 'Churi', 1),
(242, 30, 'Coimbatore', 1),
(243, 5, 'Colgong', 1),
(244, 35, 'Contai', 1),
(245, 35, 'Cooch Behar', 1),
(246, 30, 'Coonoor', 1),
(247, 30, 'Cuddalore', 1),
(248, 2, 'Cuddapah', 1),
(249, 10, 'Curchorem Cacora', 1),
(250, 25, 'Cuttack', 1),
(251, 19, 'Dabra', 1),
(252, 33, 'Dadri', 1),
(253, 11, 'Dahod', 1),
(254, 13, 'Dalhousie', 1),
(255, 6, 'Dalli-Rajhara', 1),
(256, 5, 'Dalsinghsarai', 1),
(257, 15, 'Daltonganj', 1),
(258, 8, 'Daman and Diu', 1),
(259, 5, 'Darbhanga', 1),
(260, 35, 'Darjeeling', 1),
(261, 27, 'Dasua', 1),
(262, 19, 'Datia', 1),
(263, 5, 'Daudnagar', 1),
(264, 16, 'Davanagere', 1),
(265, 25, 'Debagarh', 1),
(266, 11, 'Deesa', 1),
(267, 34, 'Dehradun', 1),
(268, 5, 'Dehri-on-Sone', 1),
(269, 9, 'Delhi', 1),
(270, 15, 'Deoghar', 1),
(271, 33, 'Deoria', 1),
(272, 2, 'Devarakonda', 1),
(273, 20, 'Devgarh', 1),
(274, 19, 'Dewas', 1),
(275, 5, 'Dhaka', 1),
(276, 6, 'Dhamtari', 1),
(277, 15, 'Dhanbad', 1),
(278, 19, 'Dhar', 1),
(279, 11, 'Dharampur', 1),
(280, 13, 'Dharamsala', 1),
(281, 32, 'Dharmanagar', 1),
(282, 30, 'Dharmapuri', 1),
(283, 2, 'Dharmavaram', 1),
(284, 16, 'Dharwad', 1),
(285, 4, 'Dhekiajuli', 1),
(286, 25, 'Dhenkanal', 1),
(287, 11, 'Dholka', 1),
(288, 4, 'Dhubri', 1),
(289, 20, 'Dhule', 1),
(290, 27, 'Dhuri', 1),
(291, 4, 'Dibrugarh', 1),
(292, 4, 'Digboi', 1),
(293, 5, 'Dighwara', 1),
(294, 24, 'Dimapur', 1),
(295, 27, 'Dinanagar', 1),
(296, 30, 'Dindigul', 1),
(297, 4, 'Diphu', 1),
(298, 6, 'Dipka', 1),
(299, 4, 'Dispur', 1),
(300, 20, 'Dombivli', 1),
(301, 6, 'Dongargarh', 1),
(302, 15, 'Dumka', 1),
(303, 5, 'Dumraon', 1),
(304, 20, 'Durgapur', 1),
(305, 35, 'Durgapur', 1),
(306, 6, 'Durg-Bhilai Nagar', 1),
(307, 12, 'Ellenabad 2', 1),
(308, 2, 'Eluru', 1),
(309, 17, 'Erattupetta', 1),
(310, 30, 'Erode', 1),
(311, 33, 'Etawah', 1),
(312, 12, 'Faridabad', 1),
(313, 27, 'Faridkot', 1),
(314, 2, 'Farooqnagar', 1),
(315, 12, 'Fatehabad', 1),
(316, 19, 'Fatehabad', 1),
(317, 33, 'Fatehabad', 1),
(318, 28, 'Fatehpur', 1),
(319, 33, 'Fatehpur', 1),
(320, 5, 'Fatwah', 1),
(321, 27, 'Fazilka', 1),
(322, 27, 'Firozpur', 1),
(323, 27, 'Firozpur Cantt.', 1),
(324, 5, 'Forbesganj', 1),
(325, 16, 'Gadag', 1),
(326, 2, 'Gadwal', 1),
(327, 12, 'Ganaur', 1),
(328, 11, 'Gandhinagar', 1),
(329, 29, 'Gangtok', 1),
(330, 15, 'Garhwa', 1),
(331, 4, 'Gauripur', 1),
(332, 5, 'Gaya', 1),
(333, 12, 'Gharaunda', 1),
(334, 15, 'Ghatshila', 1),
(335, 27, 'Giddarbaha', 1),
(336, 15, 'Giridih', 1),
(337, 4, 'Goalpara', 1),
(338, 27, 'Gobindgarh', 1),
(339, 6, 'Gobranawapara', 1),
(340, 15, 'Godda', 1),
(341, 11, 'Godhra', 1),
(342, 5, 'Gogri Jamalpur', 1),
(343, 12, 'Gohana', 1),
(344, 4, 'Golaghat', 1),
(345, 15, 'Gomoh', 1),
(346, 2, 'Gooty', 1),
(347, 5, 'Gopalganj', 1),
(348, 33, 'Greater Noida', 1),
(349, 30, 'Gudalur', 1),
(350, 2, 'Gudivada', 1),
(351, 2, 'Gudur', 1),
(352, 16, 'Gulbarga', 1),
(353, 15, 'Gumia', 1),
(354, 15, 'Gumla', 1),
(355, 16, 'Gundlupet', 1),
(356, 2, 'Guntakal', 1),
(357, 2, 'Guntur', 1),
(358, 25, 'Gunupur', 1),
(359, 27, 'Gurdaspur', 1),
(360, 12, 'Gurgaon', 1),
(361, 17, 'Guruvayoor', 1),
(362, 4, 'Guwahati', 1),
(363, 19, 'Gwalior', 1),
(364, 4, 'Haflong', 1),
(365, 12, 'Haibat(Yamuna Nagar)', 1),
(366, 4, 'Hailakandi', 1),
(367, 5, 'Hajipur', 1),
(368, 35, 'Haldia', 1),
(369, 34, 'Haldwani', 1),
(370, 13, 'Hamirpur', 1),
(371, 33, 'Hamirpur', 1),
(372, 12, 'Hansi', 1),
(373, 2, 'Hanuman Junction', 1),
(374, 33, 'Hardoi', 1),
(375, 34, 'Haridwar', 1),
(376, 16, 'Hassan', 1),
(377, 15, 'Hazaribag', 1),
(378, 5, 'Hilsa', 1),
(379, 11, 'Himatnagar', 1),
(380, 2, 'Hindupur', 1),
(381, 25, 'Hinjilicut', 1),
(382, 12, 'Hisar', 1),
(383, 5, 'Hisua', 1),
(384, 12, 'Hodal', 1),
(385, 4, 'Hojai', 1),
(386, 27, 'Hoshiarpur', 1),
(387, 16, 'Hospet', 1),
(388, 35, 'Howrah', 1),
(389, 16, 'Hubli', 1),
(390, 15, 'Hussainabad', 1),
(391, 31, 'Hyderabad', 1),
(392, 20, 'Ichalkaranji', 1),
(393, 2, 'Ichchapuram', 1),
(394, 11, 'Idar', 1),
(395, 21, 'Imphal', 1),
(396, 19, 'Indore', 1),
(397, 32, 'Indranagar', 1),
(398, 17, 'Irinjalakuda', 1),
(399, 5, 'Islampur', 1),
(400, 35, 'Islampur', 1),
(401, 3, 'Itanagar', 1),
(402, 19, 'Itarsi', 1),
(403, 19, 'Jabalpur', 1),
(404, 25, 'Jagatsinghapur', 1),
(405, 6, 'Jagdalpur', 1),
(406, 5, 'Jagdispur', 1),
(407, 2, 'Jaggaiahpet', 1),
(408, 27, 'Jagraon', 1),
(409, 2, 'Jagtial', 1),
(410, 28, 'Jaipur', 1),
(411, 28, 'Jaisalmer', 1),
(412, 27, 'Jaitu', 1),
(413, 25, 'Jajapur', 1),
(414, 33, 'Jajmau', 1),
(415, 27, 'Jalalabad', 1),
(416, 27, 'Jalandhar', 1),
(417, 27, 'Jalandhar Cantt.', 1),
(418, 25, 'Jaleswar', 1),
(419, 20, 'Jalna', 1),
(420, 5, 'Jamalpur', 1),
(421, 2, 'Jammalamadugu', 1),
(422, 14, 'Jammu', 1),
(423, 11, 'Jamnagar', 1),
(424, 15, 'Jamshedpur', 1),
(425, 15, 'Jamtara', 1),
(426, 5, 'Jamui', 1),
(427, 27, 'Jandiala', 1),
(428, 2, 'Jangaon', 1),
(429, 6, 'Janjgir', 1),
(430, 6, 'Jashpurnagar', 1),
(431, 34, 'Jaspur', 1),
(432, 25, 'Jatani', 1),
(433, 33, 'Jaunpur', 1),
(434, 5, 'Jehanabad', 1),
(435, 25, 'Jeypur', 1),
(436, 5, 'Jhajha', 1),
(437, 12, 'Jhajjar', 1),
(438, 5, 'Jhanjharpur', 1),
(439, 33, 'Jhansi', 1),
(440, 35, 'Jhargram', 1),
(441, 25, 'Jharsuguda', 1),
(442, 15, 'Jhumri Tilaiya', 1),
(443, 12, 'Jind', 1),
(444, 25, 'Joda', 1),
(445, 28, 'Jodhpur', 1),
(446, 5, 'Jogabani', 1),
(447, 32, 'Jogendranagar', 1),
(448, 4, 'Jorhat', 1),
(449, 22, 'Jowai', 1),
(450, 11, 'Junagadh', 1),
(451, 2, 'Kadapa', 1),
(452, 11, 'Kadi', 1),
(453, 2, 'Kadiri', 1),
(454, 17, 'Kadirur', 1),
(455, 2, 'Kagaznagar', 1),
(456, 32, 'Kailasahar', 1),
(457, 12, 'Kaithal', 1),
(458, 21, 'Kakching', 1),
(459, 2, 'Kakinada', 1),
(460, 12, 'Kalan Wali', 1),
(461, 11, 'Kalavad', 1),
(462, 12, 'Kalka', 1),
(463, 17, 'Kalliasseri', 1),
(464, 11, 'Kalol', 1),
(465, 17, 'Kalpetta', 1),
(466, 33, 'Kalpi', 1),
(467, 20, 'Kalyan', 1),
(468, 2, 'Kalyandurg', 1),
(469, 2, 'Kamareddy', 1),
(470, 30, 'Kanchipuram', 1),
(471, 2, 'Kandukur', 1),
(472, 17, 'Kanhangad', 1),
(473, 17, 'Kanjikkuzhi', 1),
(474, 6, 'Kanker', 1),
(475, 17, 'Kannur', 1),
(476, 33, 'Kanpur', 1),
(477, 25, 'Kantabanji', 1),
(478, 5, 'Kanti', 1),
(479, 11, 'Kapadvanj', 1),
(480, 27, 'Kapurthala', 1),
(481, 26, 'Karaikal', 1),
(482, 30, 'Karaikudi', 1),
(483, 25, 'Karanjia', 1),
(484, 4, 'Karimganj', 1),
(485, 31, 'Karimnagar', 1),
(486, 11, 'Karjan', 1),
(487, 16, 'Karkala', 1),
(488, 12, 'Karnal', 1),
(489, 27, 'Karoran', 1),
(490, 27, 'Kartarpur', 1),
(491, 30, 'Karungal', 1),
(492, 30, 'Karur', 1),
(493, 16, 'Karwar', 1),
(494, 17, 'Kasaragod', 1),
(495, 34, 'Kashipur', 1),
(496, 14, 'Kathua', 1),
(497, 5, 'Katihar', 1),
(498, 19, 'Katni', 1),
(499, 2, 'Kavali', 1),
(500, 18, 'Kavaratti', 1),
(501, 6, 'Kawardha', 1),
(502, 17, 'Kayamkulam', 1),
(503, 25, 'Kendrapara', 1),
(504, 25, 'Kendujhar', 1),
(505, 11, 'Keshod', 1),
(506, 5, 'Khagaria', 1),
(507, 11, 'Khambhalia', 1),
(508, 11, 'Khambhat', 1),
(509, 31, 'Khammam', 1),
(510, 27, 'Khanna', 1),
(511, 5, 'Kharagpur', 1),
(512, 35, 'Kharagpur', 1),
(513, 27, 'Kharar', 1),
(514, 11, 'Kheda', 1),
(515, 11, 'Khedbrahma', 1),
(516, 11, 'Kheralu', 1),
(517, 25, 'Khordha', 1),
(518, 32, 'Khowai', 1),
(519, 15, 'Khunti', 1),
(520, 34, 'kichha', 1),
(521, 5, 'Kishanganj', 1),
(522, 17, 'Kochi', 1),
(523, 11, 'Kodinar', 1),
(524, 17, 'Kodungallur', 1),
(525, 24, 'Kohima', 1),
(526, 4, 'Kokrajhar', 1),
(527, 16, 'Kolar', 1),
(528, 20, 'Kolhapur', 1),
(529, 35, 'Kolkata', 1),
(530, 17, 'Kollam', 1),
(531, 30, 'Kollankodu', 1),
(532, 6, 'Kondagaon', 1),
(533, 17, 'Koothuparamba', 1),
(534, 25, 'Koraput', 1),
(535, 2, 'Koratla', 1),
(536, 6, 'Korba', 1),
(537, 27, 'Kot Kapura', 1),
(538, 16, 'Kota', 1),
(539, 28, 'Kota', 1),
(540, 33, 'Kota', 1),
(541, 34, 'Kotdwara', 1),
(542, 2, 'Kothagudem', 1),
(543, 17, 'Kothamangalam', 1),
(544, 2, 'Kothapeta', 1),
(545, 19, 'Kotma', 1),
(546, 17, 'Kottayam', 1),
(547, 2, 'Kovvur', 1),
(548, 17, 'Kozhikode', 1),
(549, 17, 'Kunnamkulam', 1),
(550, 27, 'Kurali', 1),
(551, 2, 'Kurnool', 1),
(552, 2, 'Kyathampalle', 1),
(553, 28, 'Lachhmangarh', 1),
(554, 28, 'Ladnu', 1),
(555, 12, 'Ladwa', 1),
(556, 19, 'Lahar', 1),
(557, 33, 'Laharpur', 1),
(558, 28, 'Lakheri', 1),
(559, 33, 'Lakhimpur', 1),
(560, 5, 'Lakhisarai', 1),
(561, 16, 'Lakshmeshwar', 1),
(562, 33, 'Lal Gopalganj Nindaura', 1),
(563, 5, 'Lalganj', 1),
(564, 33, 'Lalganj', 1),
(565, 30, 'Lalgudi', 1),
(566, 33, 'Lalitpur', 1),
(567, 28, 'Lalsot', 1),
(568, 4, 'Lanka', 1),
(569, 33, 'Lar', 1),
(570, 11, 'Lathi', 1),
(571, 20, 'Latur', 1),
(572, 14, 'Leh', 1),
(573, 21, 'Lilong', 1),
(574, 11, 'Limbdi', 1),
(575, 16, 'Lingsugur', 1),
(576, 20, 'Loha', 1),
(577, 15, 'Lohardaga', 1),
(578, 20, 'Lonar', 1),
(579, 20, 'Lonavla', 1),
(580, 27, 'Longowal', 1),
(581, 33, 'Loni', 1),
(582, 28, 'Losal', 1),
(583, 33, 'Lucknow', 1),
(584, 27, 'Ludhiana', 1),
(585, 4, 'Lumding', 1),
(586, 11, 'Lunawada', 1),
(587, 19, 'Lundi', 1),
(588, 23, 'Lunglei', 1),
(589, 2, 'Macherla', 1),
(590, 2, 'Machilipatnam', 1),
(591, 2, 'Madanapalle', 1),
(592, 16, 'Maddur', 1),
(593, 10, 'Madgaon', 1),
(594, 5, 'Madhepura', 1),
(595, 5, 'Madhubani', 1),
(596, 16, 'Madhugiri', 1),
(597, 15, 'Madhupur', 1),
(598, 16, 'Madikeri', 1),
(599, 30, 'Madurai', 1),
(600, 16, 'Magadi', 1),
(601, 20, 'Mahad', 1),
(602, 16, 'Mahalingpur', 1),
(603, 5, 'Maharajganj', 1),
(604, 19, 'Maharajpur', 1),
(605, 6, 'Mahasamund', 1),
(606, 31, 'Mahbubnagar', 1),
(607, 26, 'Mahe', 1),
(608, 6, 'Mahendragarh', 1),
(609, 12, 'Mahendragarh', 1),
(610, 11, 'Mahesana', 1),
(611, 19, 'Mahidpur', 1),
(612, 5, 'Mahnar Bazar', 1),
(613, 20, 'Mahuli', 1),
(614, 11, 'Mahuva', 1),
(615, 19, 'Maihar', 1),
(616, 35, 'Mainaguri', 1),
(617, 5, 'Makhdumpur', 1),
(618, 28, 'Makrana', 1),
(619, 35, 'Mal', 1),
(620, 19, 'Malajkhand', 1),
(621, 17, 'Malappuram', 1),
(622, 16, 'Malavalli', 1),
(623, 20, 'Malegaon', 1),
(624, 27, 'Malerkotla', 1),
(625, 25, 'Malkangiri', 1),
(626, 20, 'Malkapur', 1),
(627, 27, 'Malout', 1),
(628, 28, 'Malpura', 1),
(629, 16, 'Malur', 1),
(630, 19, 'Manasa', 1),
(631, 11, 'Manavadar', 1),
(632, 19, 'Manawar', 1),
(633, 20, 'Manchar', 1),
(634, 2, 'Mancherial', 1),
(635, 28, 'Mandalgarh', 1),
(636, 2, 'Mandamarri', 1),
(637, 2, 'Mandapeta', 1),
(638, 28, 'Mandawa', 1),
(639, 13, 'Mandi', 1),
(640, 12, 'Mandi Dabwali', 1),
(641, 19, 'Mandideep', 1),
(642, 19, 'Mandla', 1),
(643, 19, 'Mandsaur', 1),
(644, 11, 'Mandvi', 1),
(645, 16, 'Mandya', 1),
(646, 5, 'Maner', 1),
(647, 4, 'Mangaldoi', 1),
(648, 16, 'Mangalore', 1),
(649, 20, 'Mangalvedhe', 1),
(650, 34, 'Manglaur', 1),
(651, 11, 'Mangrol', 1),
(652, 28, 'Mangrol', 1),
(653, 20, 'Mangrulpir', 1),
(654, 5, 'Manihari', 1),
(655, 20, 'Manjlegaon', 1),
(656, 4, 'Mankachar', 1),
(657, 20, 'Manmad', 1),
(658, 11, 'Mansa', 1),
(659, 27, 'Mansa', 1),
(660, 2, 'Manuguru', 1),
(661, 16, 'Manvi', 1),
(662, 20, 'Manwath', 1),
(663, 10, 'Mapusa', 1),
(664, 10, 'Margao', 1),
(665, 4, 'Margherita', 1),
(666, 5, 'Marhaura', 1),
(667, 4, 'Mariani', 1),
(668, 4, 'Marigaon', 1),
(669, 2, 'Markapur', 1),
(670, 10, 'Marmagao', 1),
(671, 5, 'Masaurhi', 1),
(672, 35, 'Mathabhanga', 1),
(673, 33, 'Mathura', 1),
(674, 17, 'Mattannur', 1),
(675, 19, 'Mauganj', 1),
(676, 27, 'Maur', 1),
(677, 17, 'Mavelikkara', 1),
(678, 17, 'Mavoor', 1),
(679, 21, 'Mayang Imphal', 1),
(680, 2, 'Medak', 1),
(681, 35, 'Medinipur', 1),
(682, 33, 'Meerut', 1),
(683, 20, 'Mehkar', 1),
(684, 11, 'Mehmedabad', 1),
(685, 35, 'Memari', 1),
(686, 28, 'Merta City', 1),
(687, 20, 'Mhaswad', 1),
(688, 19, 'Mhow Cantonment', 1),
(689, 19, 'Mhowgaon', 1),
(690, 15, 'Mihijam', 1),
(691, 20, 'Miraj', 1),
(692, 5, 'Mirganj', 1),
(693, 31, 'Miryalaguda', 1),
(694, 11, 'Modasa', 1),
(695, 33, 'Modinagar', 1),
(696, 27, 'Moga', 1),
(697, 2, 'Mogalthur', 1),
(698, 27, 'Mohali', 1),
(699, 5, 'Mokameh', 1),
(700, 24, 'Mokokchung', 1),
(701, 35, 'Monoharpur', 1),
(702, 19, 'Morena', 1),
(703, 27, 'Morinda', 1),
(704, 20, 'Morshi', 1),
(705, 11, 'Morvi', 1),
(706, 5, 'Motihari', 1),
(707, 5, 'Motipur', 1),
(708, 28, 'Mount Abu', 1),
(709, 16, 'Mudalgi', 1),
(710, 16, 'Mudbidri', 1),
(711, 16, 'Muddebihal', 1),
(712, 16, 'Mudhol', 1),
(713, 27, 'Mukerian', 1),
(714, 20, 'Mukhed', 1),
(715, 27, 'Muktsar', 1),
(716, 20, 'Mul', 1),
(717, 16, 'Mulbagal', 1),
(718, 19, 'Multai', 1),
(719, 20, 'Mumbai', 1),
(720, 16, 'Mundargi', 1),
(721, 6, 'Mungeli', 1),
(722, 5, 'Munger', 1),
(723, 33, 'Muradnagar', 1),
(724, 5, 'Murliganj', 1),
(725, 35, 'Murshidabad', 1),
(726, 20, 'Murtijapur', 1),
(727, 19, 'Murwara', 1),
(728, 15, 'Musabani', 1),
(729, 34, 'Mussoorie', 1),
(730, 17, 'Muvattupuzha', 1),
(731, 33, 'Muzaffarnagar', 1),
(732, 5, 'Muzaffarpur', 1),
(733, 16, 'Mysore', 1),
(734, 35, 'Nabadwip', 1),
(735, 25, 'Nabarangapur', 1),
(736, 27, 'Nabha', 1),
(737, 28, 'Nadbai', 1),
(738, 11, 'Nadiad', 1),
(739, 4, 'Nagaon', 1),
(740, 30, 'Nagapattinam', 1),
(741, 28, 'Nagar', 1),
(742, 2, 'Nagari', 1),
(743, 2, 'Nagarkurnool', 1),
(744, 28, 'Nagaur', 1),
(745, 19, 'Nagda', 1),
(746, 30, 'Nagercoil', 1),
(747, 33, 'Nagina', 1),
(748, 34, 'Nagla', 1),
(749, 20, 'Nagpur', 1),
(750, 13, 'Nahan', 1),
(751, 3, 'Naharlagun', 1),
(752, 35, 'Naihati', 1),
(753, 6, 'Naila Janjgir', 1),
(754, 34, 'Nainital', 1),
(755, 19, 'Nainpur', 1),
(756, 33, 'Najibabad', 1),
(757, 27, 'Nakodar', 1),
(758, 33, 'Nakur', 1),
(759, 20, 'Nalasopara', 1),
(760, 4, 'Nalbari', 1),
(761, 31, 'Nalgonda', 1),
(762, 30, 'Namagiripettai', 1),
(763, 30, 'Namakkal', 1),
(764, 20, 'Nanded-Waghala', 1),
(765, 20, 'Nandgaon', 1),
(766, 30, 'Nandivaram-Guduvancheri', 1),
(767, 20, 'Nandura', 1),
(768, 20, 'Nandurbar', 1),
(769, 2, 'Nandyal', 1),
(770, 27, 'Nangal', 1),
(771, 16, 'Nanjangud', 1),
(772, 30, 'Nanjikottai', 1),
(773, 33, 'Nanpara', 1),
(774, 2, 'Narasapur', 1),
(775, 2, 'Narasaraopet', 1),
(776, 33, 'Naraura', 1),
(777, 2, 'Narayanpet', 1),
(778, 28, 'Nargund', 1),
(779, 5, 'Narkatiaganj', 1),
(780, 20, 'Narkhed', 1),
(781, 12, 'Narnaul', 1),
(782, 19, 'Narsinghgarh', 1),
(783, 2, 'Narsipatnam', 1),
(784, 12, 'Narwana', 1),
(785, 20, 'Nashik', 1),
(786, 28, 'Nasirabad', 1),
(787, 30, 'Natham', 1),
(788, 28, 'Nathdwara', 1),
(789, 5, 'Naugachhia', 1),
(790, 33, 'Naugawan Sadat', 1),
(791, 33, 'Nautanwa', 1),
(792, 28, 'Navalgund', 1),
(793, 20, 'Navi Mumbai', 1),
(794, 11, 'Navsari', 1),
(795, 33, 'Nawabganj', 1),
(796, 5, 'Nawada', 1),
(797, 28, 'Nawalgarh', 1),
(798, 27, 'Nawanshahr', 1),
(799, 20, 'Nawapur', 1),
(800, 17, 'Nedumangad', 1),
(801, 28, 'Neem-Ka-Thana', 1),
(802, 19, 'Neemuch', 1),
(803, 33, 'Nehtaur', 1),
(804, 28, 'Nelamangala', 1),
(805, 30, 'Nellikuppam', 1),
(806, 2, 'Nellore', 1),
(807, 19, 'Nepanagar', 1),
(808, 30, 'Neyveli', 1),
(809, 17, 'Neyyattinkara', 1),
(810, 2, 'Nidadavole', 1),
(811, 20, 'Nilanga', 1),
(812, 28, 'Nimbahera', 1),
(813, 28, 'Nipani', 1),
(814, 2, 'Nirmal', 1),
(815, 28, 'Niwai', 1),
(816, 19, 'Niwari', 1),
(817, 31, 'Nizamabad', 1),
(818, 28, 'Nohar', 1),
(819, 33, 'NOIDA', 1),
(820, 5, 'Nokha', 1),
(821, 28, 'Nokha', 1),
(822, 22, 'Nongstoin', 1),
(823, 33, 'Noorpur', 1),
(824, 4, 'North Lakhimpur', 1),
(825, 19, 'Nowgong', 1),
(826, 19, 'Nowrozabad', 1),
(827, 2, 'Nuzvid', 1),
(828, 30, 'O\' Valley', 1),
(829, 33, 'Obra', 1),
(830, 30, 'Oddanchatram', 1),
(831, 2, 'Ongole', 1),
(832, 33, 'Orai', 1),
(833, 20, 'Osmanabad', 1),
(834, 17, 'Ottappalam', 1),
(835, 20, 'Ozar', 1),
(836, 30, 'P.N.Patti', 1),
(837, 20, 'Pachora', 1),
(838, 19, 'Pachore', 1),
(839, 30, 'Pacode', 1),
(840, 30, 'Padmanabhapuram', 1),
(841, 11, 'Padra', 1),
(842, 33, 'Padrauna', 1),
(843, 20, 'Paithan', 1),
(844, 15, 'Pakaur', 1),
(845, 2, 'Palacole', 1),
(846, 17, 'Palai', 1),
(847, 17, 'Palakkad', 1),
(848, 30, 'Palani', 1),
(849, 11, 'Palanpur', 1),
(850, 2, 'Palasa Kasibugga', 1),
(851, 20, 'Palghar', 1),
(852, 19, 'Pali', 1),
(853, 28, 'Pali', 1),
(854, 33, 'Palia Kalan', 1),
(855, 11, 'Palitana', 1),
(856, 30, 'Palladam', 1),
(857, 30, 'Pallapatti', 1),
(858, 30, 'Pallikonda', 1),
(859, 12, 'Palwal', 1),
(860, 2, 'Palwancha', 1),
(861, 19, 'Panagar', 1),
(862, 30, 'Panagudi', 1),
(863, 10, 'Panaji', 1),
(864, 12, 'Panchkula', 1),
(865, 35, 'Panchla', 1),
(866, 20, 'Pandharkaoda', 1),
(867, 20, 'Pandharpur', 1),
(868, 19, 'Pandhurna', 1),
(869, 35, 'Pandua', 1),
(870, 12, 'Panipat', 1),
(871, 19, 'Panna', 1),
(872, 17, 'Panniyannur', 1),
(873, 30, 'Panruti', 1),
(874, 20, 'Panvel', 1),
(875, 17, 'Pappinisseri', 1),
(876, 25, 'Paradip', 1),
(877, 30, 'Paramakudi', 1),
(878, 30, 'Parangipettai', 1),
(879, 33, 'Parasi', 1),
(880, 17, 'Paravoor', 1),
(881, 20, 'Parbhani', 1),
(882, 11, 'Pardi', 1),
(883, 25, 'Parlakhemundi', 1),
(884, 20, 'Parli', 1),
(885, 20, 'Parola', 1),
(886, 20, 'Partur', 1),
(887, 2, 'Parvathipuram', 1),
(888, 19, 'Pasan', 1),
(889, 35, 'Paschim Punropara', 1),
(890, 3, 'Pasighat', 1),
(891, 11, 'Patan', 1),
(892, 17, 'Pathanamthitta', 1),
(893, 27, 'Pathankot', 1),
(894, 20, 'Pathardi', 1),
(895, 20, 'Pathri', 1),
(896, 27, 'Patiala', 1),
(897, 5, 'Patna', 1),
(898, 27, 'Patran', 1),
(899, 15, 'Patratu', 1),
(900, 25, 'Pattamundai', 1),
(901, 27, 'Patti', 1),
(902, 30, 'Pattukkottai', 1),
(903, 20, 'Patur', 1),
(904, 20, 'Pauni', 1),
(905, 34, 'Pauri', 1),
(906, 16, 'Pavagada', 1),
(907, 17, 'Payyannur', 1),
(908, 2, 'Pedana', 1),
(909, 2, 'Peddapuram', 1),
(910, 12, 'Pehowa', 1),
(911, 20, 'Pen', 1),
(912, 30, 'Perambalur', 1),
(913, 30, 'Peravurani', 1),
(914, 17, 'Peringathur', 1),
(915, 17, 'Perinthalmanna', 1),
(916, 30, 'Periyakulam', 1),
(917, 30, 'Periyasemur', 1),
(918, 30, 'Pernampattu', 1),
(919, 17, 'Perumbavoor', 1),
(920, 11, 'Petlad', 1),
(921, 27, 'Phagwara', 1),
(922, 28, 'Phalodi', 1),
(923, 20, 'Phaltan', 1),
(924, 27, 'Phillaur', 1),
(925, 25, 'Phulabani', 1),
(926, 28, 'Phulera', 1),
(927, 33, 'Phulpur', 1),
(928, 15, 'Phusro', 1),
(929, 33, 'Pihani', 1),
(930, 28, 'Pilani', 1),
(931, 28, 'Pilibanga', 1),
(932, 33, 'Pilibhit', 1),
(933, 33, 'Pilkhuwa', 1),
(934, 28, 'Pindwara', 1),
(935, 12, 'Pinjore', 1),
(936, 28, 'Pipar City', 1),
(937, 19, 'Pipariya', 1),
(938, 5, 'Piro', 1),
(939, 19, 'Pithampur', 1),
(940, 2, 'Pithapuram', 1),
(941, 34, 'Pithoragarh', 1),
(942, 30, 'Pollachi', 1),
(943, 30, 'Polur', 1),
(944, 26, 'Pondicherry', 1),
(945, 2, 'Pondur', 1),
(946, 17, 'Ponnani', 1),
(947, 30, 'Ponneri', 1),
(948, 2, 'Ponnur', 1),
(949, 11, 'Porbandar', 1),
(950, 19, 'Porsa', 1),
(951, 1, 'Port Blair', 1),
(952, 33, 'Powayan', 1),
(953, 28, 'Prantij', 1),
(954, 28, 'Pratapgarh', 1),
(955, 32, 'Pratapgarh', 1),
(956, 19, 'Prithvipur', 1),
(957, 2, 'Proddatur', 1),
(958, 30, 'Pudukkottai', 1),
(959, 30, 'Pudupattinam', 1),
(960, 33, 'Pukhrayan', 1),
(961, 20, 'Pulgaon', 1),
(962, 30, 'Puliyankudi', 1),
(963, 17, 'Punalur', 1),
(964, 14, 'Punch', 1),
(965, 20, 'Pune', 1),
(966, 2, 'Punganur', 1),
(967, 30, 'Punjaipugalur', 1),
(968, 33, 'Puranpur', 1),
(969, 25, 'Puri', 1),
(970, 20, 'Purna', 1),
(971, 5, 'Purnia', 1),
(972, 33, 'Purquazi', 1),
(973, 35, 'Purulia', 1),
(974, 33, 'Purwa', 1),
(975, 20, 'Pusad', 1),
(976, 2, 'Puttur', 1),
(977, 16, 'Puttur', 1),
(978, 27, 'Qadian', 1),
(979, 17, 'Quilandy', 1),
(980, 16, 'Rabkavi Banhatti', 1),
(981, 11, 'Radhanpur', 1),
(982, 33, 'Rae Bareli', 1),
(983, 5, 'Rafiganj', 1),
(984, 19, 'Raghogarh-Vijaypur', 1),
(985, 35, 'Raghunathpur', 1),
(986, 19, 'Rahatgarh', 1),
(987, 20, 'Rahuri', 1),
(988, 16, 'Raichur', 1),
(989, 35, 'Raiganj', 1),
(990, 6, 'Raigarh', 1),
(991, 27, 'Raikot', 1),
(992, 6, 'Raipur', 1),
(993, 25, 'Rairangpur', 1),
(994, 19, 'Raisen', 1),
(995, 28, 'Raisinghnagar', 1),
(996, 25, 'Rajagangapur', 1),
(997, 2, 'Rajahmundry', 1),
(998, 28, 'Rajakhera', 1),
(999, 28, 'Rajaldesar', 1),
(1000, 2, 'Rajam', 1),
(1001, 2, 'Rajampet', 1),
(1002, 30, 'Rajapalayam', 1),
(1003, 14, 'Rajauri', 1),
(1004, 19, 'Rajgarh', 1),
(1005, 28, 'Rajgarh (Alwar)', 1),
(1006, 28, 'Rajgarh (Churu', 1),
(1007, 5, 'Rajgir', 1),
(1008, 11, 'Rajkot', 1),
(1009, 6, 'Rajnandgaon', 1),
(1010, 11, 'Rajpipla', 1),
(1011, 27, 'Rajpura', 1),
(1012, 28, 'Rajsamand', 1),
(1013, 11, 'Rajula', 1),
(1014, 20, 'Rajura', 1),
(1015, 2, 'Ramachandrapuram', 1),
(1016, 31, 'Ramagundam', 1),
(1017, 16, 'Ramanagaram', 1),
(1018, 30, 'Ramanathapuram', 1),
(1019, 16, 'Ramdurg', 1),
(1020, 30, 'Rameshwaram', 1),
(1021, 28, 'Ramganj Mandi', 1),
(1022, 5, 'Ramnagar', 1),
(1023, 34, 'Ramnagar', 1),
(1024, 15, 'Ramngarh', 1),
(1025, 28, 'Ramngarh', 1),
(1026, 33, 'Rampur', 1),
(1027, 33, 'Rampur Maniharan', 1),
(1028, 27, 'Rampura Phul', 1),
(1029, 35, 'Rampurhat', 1),
(1030, 20, 'Ramtek', 1),
(1031, 35, 'Ranaghat', 1),
(1032, 11, 'Ranavav', 1),
(1033, 15, 'Ranchi', 1),
(1034, 4, 'Rangia', 1),
(1035, 12, 'Rania', 1),
(1036, 16, 'Ranibennur', 1),
(1037, 11, 'Rapar', 1),
(1038, 30, 'Rasipuram', 1),
(1039, 33, 'Rasra', 1),
(1040, 28, 'Ratangarh', 1),
(1041, 33, 'Rath', 1),
(1042, 12, 'Ratia', 1),
(1043, 19, 'Ratlam', 1),
(1044, 20, 'Ratnagiri', 1),
(1045, 19, 'Rau', 1),
(1046, 25, 'Raurkela', 1),
(1047, 20, 'Raver', 1),
(1048, 28, 'Rawatbhata', 1),
(1049, 28, 'Rawatsar', 1),
(1050, 5, 'Raxaul Bazar', 1),
(1051, 2, 'Rayachoti', 1),
(1052, 2, 'Rayadurg', 1),
(1053, 25, 'Rayagada', 1),
(1054, 28, 'Reengus', 1),
(1055, 19, 'Rehli', 1),
(1056, 2, 'Renigunta', 1),
(1057, 33, 'Renukoot', 1),
(1058, 33, 'Reoti', 1),
(1059, 2, 'Repalle', 1),
(1060, 5, 'Revelganj', 1),
(1061, 19, 'Rewa', 1),
(1062, 12, 'Rewari', 1),
(1063, 34, 'Rishikesh', 1),
(1064, 20, 'Risod', 1),
(1065, 33, 'Robertsganj', 1),
(1066, 16, 'Robertson Pet', 1),
(1067, 12, 'Rohtak', 1),
(1068, 16, 'Ron', 1),
(1069, 34, 'Roorkee', 1),
(1070, 5, 'Rosera', 1),
(1071, 33, 'Rudauli', 1),
(1072, 33, 'Rudrapur', 1),
(1073, 34, 'Rudrapur', 1),
(1074, 27, 'Rupnagar', 1),
(1075, 19, 'Sabalgarh', 1),
(1076, 33, 'Sadabad', 1),
(1077, 16, 'Sadalgi', 1),
(1078, 2, 'Sadasivpet', 1),
(1079, 28, 'Sadri', 1),
(1080, 28, 'Sadulshahar', 1),
(1081, 12, 'Safidon', 1),
(1082, 33, 'Safipur', 1),
(1083, 16, 'Sagar', 1),
(1084, 19, 'Sagar', 1),
(1085, 28, 'Sagwara', 1),
(1086, 33, 'Saharanpur', 1),
(1087, 5, 'Saharsa', 1),
(1088, 33, 'Sahaspur', 1),
(1089, 33, 'Sahaswan', 1),
(1090, 33, 'Sahawar', 1),
(1091, 15, 'Sahibganj', 1),
(1092, 33, 'Sahjanwa', 1),
(1093, 33, 'Saidpur', 1),
(1094, 23, 'Saiha', 1),
(1095, 20, 'Sailu', 1),
(1096, 35, 'Sainthia', 1),
(1097, 16, 'Sakleshpur', 1),
(1098, 6, 'Sakti', 1),
(1099, 11, 'Salaya', 1),
(1100, 30, 'Salem', 1),
(1101, 2, 'Salur', 1),
(1102, 12, 'Samalkha', 1),
(1103, 2, 'Samalkot', 1),
(1104, 27, 'Samana', 1),
(1105, 5, 'Samastipur', 1),
(1106, 25, 'Sambalpur', 1),
(1107, 33, 'Sambhal', 1),
(1108, 28, 'Sambhar', 1),
(1109, 33, 'Samdhan', 1),
(1110, 33, 'Samthar', 1),
(1111, 11, 'Sanand', 1),
(1112, 19, 'Sanawad', 1),
(1113, 28, 'Sanchore', 1),
(1114, 33, 'Sandi', 1),
(1115, 33, 'Sandila', 1),
(1116, 16, 'Sandur', 1),
(1117, 20, 'Sangamner', 1),
(1118, 2, 'Sangareddy', 1),
(1119, 28, 'Sangaria', 1),
(1120, 20, 'Sangli', 1),
(1121, 20, 'Sangole', 1),
(1122, 27, 'Sangrur', 1),
(1123, 30, 'Sankarankoil', 1),
(1124, 30, 'Sankari', 1),
(1125, 16, 'Sankeshwar', 1),
(1126, 35, 'Santipur', 1),
(1127, 19, 'Sarangpur', 1),
(1128, 28, 'Sardarshahar', 1),
(1129, 33, 'Sardhana', 1),
(1130, 19, 'Sarni', 1),
(1131, 5, 'Sasaram', 1),
(1132, 20, 'Sasvad', 1),
(1133, 20, 'Satana', 1),
(1134, 20, 'Satara', 1),
(1135, 30, 'Sathyamangalam', 1),
(1136, 19, 'Satna', 1),
(1137, 2, 'Sattenapalle', 1),
(1138, 30, 'Sattur', 1),
(1139, 15, 'Saunda', 1),
(1140, 16, 'Saundatti-Yellamma', 1),
(1141, 19, 'Sausar', 1),
(1142, 16, 'Savanur', 1),
(1143, 11, 'Savarkundla', 1),
(1144, 20, 'Savner', 1),
(1145, 28, 'Sawai Madhopur', 1),
(1146, 20, 'Sawantwadi', 1),
(1147, 16, 'Sedam', 1),
(1148, 19, 'Sehore', 1),
(1149, 19, 'Sendhwa', 1),
(1150, 33, 'Seohara', 1),
(1151, 19, 'Seoni', 1),
(1152, 19, 'Seoni-Malwa', 1),
(1153, 16, 'Shahabad', 1),
(1154, 20, 'Shahade', 1),
(1155, 12, 'Shahbad', 1),
(1156, 19, 'Shahdol', 1),
(1157, 33, 'Shahganj', 1),
(1158, 33, 'Shahjahanpur', 1),
(1159, 16, 'Shahpur', 1),
(1160, 28, 'Shahpura', 1),
(1161, 19, 'Shajapur', 1),
(1162, 19, 'Shamgarh', 1),
(1163, 33, 'Shamli', 1),
(1164, 31, 'Shamsabad', 1),
(1165, 20, 'Shegaon', 1),
(1166, 5, 'Sheikhpura', 1),
(1167, 20, 'Shendurjana', 1),
(1168, 30, 'Shenkottai', 1),
(1169, 28, 'Sheoganj', 1),
(1170, 5, 'Sheohar', 1),
(1171, 19, 'Sheopur', 1),
(1172, 5, 'Sherghati', 1),
(1173, 33, 'Sherkot', 1),
(1174, 16, 'Shiggaon', 1),
(1175, 16, 'Shikapur', 1),
(1176, 33, 'Shikarpur', 1),
(1177, 33, 'Shikohabad', 1),
(1178, 22, 'Shillong', 1),
(1179, 13, 'Shimla', 1),
(1180, 16, 'Shimoga', 1),
(1181, 20, 'Shirdi', 1),
(1182, 20, 'Shirpur-Warwade', 1),
(1183, 20, 'Shirur', 1),
(1184, 33, 'Shishgarh', 1),
(1185, 19, 'Shivpuri', 1),
(1186, 30, 'Sholavandan', 1),
(1187, 30, 'Sholingur', 1),
(1188, 17, 'Shoranur', 1),
(1189, 16, 'Shorapur', 1),
(1190, 20, 'Shrigonda', 1),
(1191, 20, 'Shrirampur', 1),
(1192, 16, 'Shrirangapattana', 1),
(1193, 19, 'Shujalpur', 1),
(1194, 33, 'Siana', 1),
(1195, 4, 'Sibsagar', 1),
(1196, 31, 'Siddipet', 1),
(1197, 19, 'Sidhi', 1),
(1198, 11, 'Sidhpur', 1),
(1199, 16, 'Sidlaghatta', 1),
(1200, 11, 'Sihor', 1),
(1201, 19, 'Sihora', 1),
(1202, 33, 'Sikanderpur', 1),
(1203, 33, 'Sikandra Rao', 1),
(1204, 33, 'Sikandrabad', 1),
(1205, 28, 'Sikar', 1),
(1206, 5, 'Silao', 1),
(1207, 4, 'Silapathar', 1),
(1208, 4, 'Silchar', 1),
(1209, 35, 'Siliguri', 1),
(1210, 20, 'Sillod', 1),
(1211, 7, 'Silvassa', 1),
(1212, 15, 'Simdega', 1),
(1213, 16, 'Sindgi', 1),
(1214, 16, 'Sindhnur', 1),
(1215, 2, 'Singapur', 1),
(1216, 19, 'Singrauli', 1),
(1217, 20, 'Sinnar', 1),
(1218, 16, 'Sira', 1),
(1219, 2, 'Sircilla', 1),
(1220, 27, 'Sirhind Fatehgarh Sahib', 1),
(1221, 30, 'Sirkali', 1),
(1222, 28, 'Sirohi', 1),
(1223, 19, 'Sironj', 1),
(1224, 12, 'Sirsa', 1),
(1225, 33, 'Sirsaganj', 1),
(1226, 16, 'Sirsi', 1),
(1227, 33, 'Sirsi', 1),
(1228, 16, 'Siruguppa', 1),
(1229, 5, 'Sitamarhi', 1),
(1230, 33, 'Sitapur', 1),
(1231, 34, 'Sitarganj', 1),
(1232, 30, 'Sivaganga', 1),
(1233, 30, 'Sivagiri', 1),
(1234, 30, 'Sivakasi', 1),
(1235, 5, 'Siwan', 1),
(1236, 19, 'Sohagpur', 1),
(1237, 12, 'Sohna', 1),
(1238, 28, 'Sojat', 1),
(1239, 13, 'Solan', 1),
(1240, 20, 'Solapur', 1),
(1241, 35, 'Sonamukhi', 1),
(1242, 5, 'Sonepur', 1),
(1243, 11, 'Songadh', 1),
(1244, 12, 'Sonipat', 1),
(1245, 14, 'Sopore', 1),
(1246, 25, 'Soro', 1),
(1247, 33, 'Soron', 1),
(1248, 20, 'Soyagaon', 1),
(1249, 28, 'Sri Madhopur', 1),
(1250, 2, 'Srikakulam', 1),
(1251, 2, 'Srikalahasti', 1),
(1252, 14, 'Srinagar', 1),
(1253, 16, 'Srinivaspur', 1),
(1254, 35, 'Srirampore', 1),
(1255, 30, 'Srivilliputhur', 1),
(1256, 33, 'Suar', 1),
(1257, 5, 'Sugauli', 1),
(1258, 28, 'Sujangarh', 1),
(1259, 27, 'Sujanpur', 1),
(1260, 5, 'Sultanganj', 1),
(1261, 33, 'Sultanpur', 1),
(1262, 28, 'Sumerpur', 1),
(1263, 33, 'Sumerpur', 1),
(1264, 25, 'Sunabeda', 1),
(1265, 27, 'Sunam', 1),
(1266, 25, 'Sundargarh', 1),
(1267, 13, 'Sundarnagar', 1),
(1268, 5, 'Supaul', 1),
(1269, 30, 'Surandai', 1),
(1270, 11, 'Surat', 1),
(1271, 28, 'Suratgarh', 1),
(1272, 35, 'Suri', 1),
(1273, 30, 'Suriyampalayam', 1),
(1274, 31, 'Suryapet', 1),
(1275, 2, 'Tadepalligudem', 1),
(1276, 2, 'Tadpatri', 1),
(1277, 35, 'Taki', 1),
(1278, 11, 'Talaja', 1),
(1279, 25, 'Talcher', 1),
(1280, 20, 'Talegaon Dabhade', 1),
(1281, 16, 'Talikota', 1),
(1282, 17, 'Taliparamba', 1),
(1283, 20, 'Talode', 1),
(1284, 27, 'Talwara', 1),
(1285, 35, 'Tamluk', 1),
(1286, 33, 'Tanda', 1),
(1287, 2, 'Tandur', 1),
(1288, 2, 'Tanuku', 1),
(1289, 35, 'Tarakeswar', 1),
(1290, 19, 'Tarana', 1),
(1291, 28, 'Taranagar', 1),
(1292, 12, 'Taraori', 1),
(1293, 16, 'Tarikere', 1),
(1294, 27, 'Tarn Taran', 1),
(1295, 20, 'Tasgaon', 1),
(1296, 34, 'Tehri', 1),
(1297, 16, 'Tekkalakota', 1),
(1298, 2, 'Tenali', 1),
(1299, 30, 'Tenkasi', 1),
(1300, 15, 'Tenu Dam-cum-Kathhara', 1),
(1301, 16, 'Terdal', 1),
(1302, 33, 'Tetri Bazar', 1),
(1303, 4, 'Tezpur', 1),
(1304, 33, 'Thakurdwara', 1),
(1305, 30, 'Thammampatti', 1),
(1306, 33, 'Thana Bhawan', 1),
(1307, 12, 'Thanesar', 1),
(1308, 11, 'Thangadh', 1),
(1309, 30, 'Thanjavur', 1),
(1310, 11, 'Tharad', 1),
(1311, 30, 'Tharamangalam', 1),
(1312, 30, 'Tharangambadi', 1),
(1313, 30, 'Theni Allinagaram', 1),
(1314, 30, 'Thirumangalam', 1),
(1315, 30, 'Thirunindravur', 1),
(1316, 30, 'Thiruparappu', 1),
(1317, 30, 'Thirupuvanam', 1),
(1318, 30, 'Thiruthuraipoondi', 1),
(1319, 17, 'Thiruvalla', 1),
(1320, 30, 'Thiruvallur', 1),
(1321, 17, 'Thiruvananthapuram', 1),
(1322, 30, 'Thiruvarur', 1),
(1323, 17, 'Thodupuzha', 1),
(1324, 30, 'Thoothukudi', 1),
(1325, 21, 'Thoubal', 1),
(1326, 17, 'Thrissur', 1),
(1327, 30, 'Thuraiyur', 1),
(1328, 19, 'Tikamgarh', 1),
(1329, 6, 'Tilda Newra', 1),
(1330, 33, 'Tilhar', 1),
(1331, 30, 'Tindivanam', 1),
(1332, 4, 'Tinsukia', 1),
(1333, 16, 'Tiptur', 1),
(1334, 20, 'Tirora', 1),
(1335, 30, 'Tiruchendur', 1),
(1336, 30, 'Tiruchengode', 1),
(1337, 30, 'Tiruchirappalli', 1),
(1338, 30, 'Tirukalukundram', 1),
(1339, 30, 'Tirukkoyilur', 1),
(1340, 30, 'Tirunelveli', 1),
(1341, 30, 'Tirupathur', 1),
(1342, 2, 'Tirupati', 1),
(1343, 30, 'Tiruppur', 1),
(1344, 17, 'Tirur', 1),
(1345, 30, 'Tiruttani', 1),
(1346, 30, 'Tiruvannamalai', 1),
(1347, 30, 'Tiruvethipuram', 1),
(1348, 33, 'Tirwaganj', 1),
(1349, 25, 'Titlagarh', 1),
(1350, 30, 'Tittakudi', 1),
(1351, 28, 'Todabhim', 1),
(1352, 28, 'Todaraisingh', 1),
(1353, 12, 'Tohana', 1),
(1354, 28, 'Tonk', 1),
(1355, 24, 'Tuensang', 1),
(1356, 20, 'Tuljapur', 1),
(1357, 33, 'Tulsipur', 1),
(1358, 16, 'Tumkur', 1),
(1359, 20, 'Tumsar', 1),
(1360, 33, 'Tundla', 1),
(1361, 2, 'Tuni', 1),
(1362, 22, 'Tura', 1),
(1363, 20, 'Uchgaon', 1),
(1364, 28, 'Udaipur', 1),
(1365, 32, 'Udaipur', 1),
(1366, 28, 'Udaipurwati', 1),
(1367, 20, 'Udgir', 1),
(1368, 30, 'Udhagamandalam', 1),
(1369, 14, 'Udhampur', 1),
(1370, 30, 'Udumalaipettai', 1),
(1371, 16, 'Udupi', 1),
(1372, 19, 'Ujhani', 1),
(1373, 19, 'Ujjain', 1),
(1374, 20, 'Umarga', 1),
(1375, 19, 'Umaria', 1),
(1376, 20, 'Umarkhed', 1),
(1377, 25, 'Umarkote', 1),
(1378, 11, 'Umbergaon', 1),
(1379, 20, 'Umred', 1),
(1380, 11, 'Umreth', 1),
(1381, 11, 'Una', 1),
(1382, 11, 'Unjha', 1),
(1383, 30, 'Unnamalaikadai', 1),
(1384, 33, 'Unnao', 1),
(1385, 11, 'Upleta', 1),
(1386, 20, 'Uran', 1),
(1387, 20, 'Uran Islampur', 1),
(1388, 2, 'Uravakonda', 1),
(1389, 27, 'Urmar Tanda', 1),
(1390, 30, 'Usilampatti', 1),
(1391, 30, 'Uthamapalayam', 1),
(1392, 30, 'Uthiramerur', 1),
(1393, 33, 'Utraula', 1),
(1394, 17, 'Vadakara', 1),
(1395, 30, 'Vadakkuvalliyur', 1),
(1396, 30, 'Vadalur', 1),
(1397, 20, 'Vadgaon Kasba', 1),
(1398, 30, 'Vadipatti', 1),
(1399, 11, 'Vadnagar', 1),
(1400, 11, 'Vadodara', 1),
(1401, 20, 'Vaijapur', 1),
(1402, 17, 'Vaikom', 1),
(1403, 30, 'Valparai', 1),
(1404, 11, 'Valsad', 1),
(1405, 30, 'Vandavasi', 1),
(1406, 30, 'Vaniyambadi', 1),
(1407, 11, 'Vapi', 1),
(1408, 33, 'Varanasi', 1),
(1409, 17, 'Varkala', 1),
(1410, 20, 'Vasai', 1),
(1411, 30, 'Vedaranyam', 1),
(1412, 30, 'Vellakoil', 1),
(1413, 30, 'Vellore', 1),
(1414, 2, 'Venkatagiri', 1),
(1415, 11, 'Veraval', 1),
(1416, 2, 'Vicarabad', 1),
(1417, 19, 'Vidisha', 1),
(1418, 28, 'Vijainagar', 1),
(1419, 11, 'Vijapur', 1),
(1420, 16, 'Vijayapura', 1),
(1421, 2, 'Vijayawada', 1),
(1422, 30, 'Vikramasingapuram', 1),
(1423, 30, 'Viluppuram', 1),
(1424, 2, 'Vinukonda', 1),
(1425, 11, 'Viramgam', 1),
(1426, 20, 'Virar', 1),
(1427, 30, 'Virudhachalam', 1),
(1428, 30, 'Virudhunagar', 1),
(1429, 2, 'Visakhapatnam', 1),
(1430, 11, 'Visnagar', 1),
(1431, 30, 'Viswanatham', 1),
(1432, 20, 'Vita', 1),
(1433, 2, 'Vizianagaram', 1),
(1434, 33, 'Vrindavan', 1),
(1435, 11, 'Vyara', 1),
(1436, 20, 'Wadgaon Road', 1),
(1437, 11, 'Wadhwan', 1),
(1438, 16, 'Wadi', 1),
(1439, 20, 'Wai', 1),
(1440, 2, 'Wanaparthy', 1),
(1441, 20, 'Wani', 1),
(1442, 11, 'Wankaner', 1),
(1443, 19, 'Wara Seoni', 1),
(1444, 31, 'Warangal', 1),
(1445, 20, 'Wardha', 1),
(1446, 33, 'Warhapur', 1),
(1447, 5, 'Warisaliganj', 1),
(1448, 20, 'Warora', 1),
(1449, 20, 'Warud', 1),
(1450, 20, 'Washim', 1),
(1451, 24, 'Wokha', 1),
(1452, 16, 'Yadgir', 1),
(1453, 12, 'Yamunanagar', 1),
(1454, 26, 'Yanam', 1),
(1455, 20, 'Yavatmal', 1),
(1456, 20, 'Yawal', 1),
(1457, 2, 'Yellandu', 1),
(1458, 2, 'Yemmiganur', 1),
(1459, 2, 'Yerraguntla', 1),
(1460, 20, 'Yevla', 1),
(1461, 2, 'Zahirabad', 1),
(1462, 33, 'Zaidpur', 1),
(1463, 33, 'Zamania', 1),
(1464, 27, 'Zira', 1),
(1465, 27, 'Zirakpur', 1),
(1466, 24, 'Zunheboto', 1);

-- --------------------------------------------------------

--
-- Table structure for table `clients`
--

CREATE TABLE `clients` (
  `client_id` int(10) UNSIGNED NOT NULL,
  `client_name` varchar(191) COLLATE utf8mb4_unicode_ci NOT NULL,
  `created_at` timestamp NULL DEFAULT NULL,
  `updated_at` timestamp NULL DEFAULT NULL
) ENGINE=InnoDB DEFAULT CHARSET=utf8mb4 COLLATE=utf8mb4_unicode_ci;

--
-- Dumping data for table `clients`
--

INSERT INTO `clients` (`client_id`, `client_name`, `created_at`, `updated_at`) VALUES
(1, 'ACC Cement', '2017-06-08 20:58:24', '2017-06-08 20:58:24'),
(2, 'Bangur Cement', '2017-06-08 20:59:32', '2017-06-08 20:59:32'),
(3, 'Ambuja Cement', '2017-06-08 21:00:45', '2017-06-08 21:00:45'),
(4, 'Ultratech Cement Ltd', '2017-07-10 03:46:12', '2017-07-10 03:46:12'),
(9, 'Omkar Engineering', '2017-07-10 07:30:22', '2017-07-10 07:30:22'),
(10, 'Bhangur Cement', '2017-07-26 02:26:13', '2017-07-26 02:26:13');

-- --------------------------------------------------------

--
-- Table structure for table `clients_contact`
--

CREATE TABLE `clients_contact` (
  `contact_id` int(10) UNSIGNED NOT NULL,
  `plant_id` int(10) UNSIGNED NOT NULL,
  `person_name` varchar(191) COLLATE utf8mb4_unicode_ci NOT NULL,
  `person_designation` varchar(191) COLLATE utf8mb4_unicode_ci NOT NULL,
  `person_phone` varchar(191) COLLATE utf8mb4_unicode_ci NOT NULL,
  `person_mobile` varchar(191) COLLATE utf8mb4_unicode_ci NOT NULL,
  `person_email` varchar(191) COLLATE utf8mb4_unicode_ci NOT NULL,
  `created_at` timestamp NULL DEFAULT NULL,
  `updated_at` timestamp NULL DEFAULT NULL
) ENGINE=InnoDB DEFAULT CHARSET=utf8mb4 COLLATE=utf8mb4_unicode_ci;

--
-- Dumping data for table `clients_contact`
--

INSERT INTO `clients_contact` (`contact_id`, `plant_id`, `person_name`, `person_designation`, `person_phone`, `person_mobile`, `person_email`, `created_at`, `updated_at`) VALUES
(1, 1, 'Suresh Palkhi', 'Accounts', '07420-856236', '095686-98564', 'suresh.palkhi@gmail.com', '2017-06-08 20:59:02', '2017-06-08 20:59:02'),
(2, 2, 'Santosh Tambe', 'Site Incharge', '07512-569895', '095643-59683', 'santosh1932@gmail.com', '2017-06-08 20:59:32', '2017-06-08 20:59:32'),
(3, 3, 'Govind Khubchandani', 'C-Form', '07520-456589', '097654-85692', 'gobkhub999@ymail.com', '2017-06-08 21:00:45', '2017-06-08 21:00:45'),
(4, 3, 'Vikas Chaurasia', 'Admin', '02501-525635', '096359-78469', 'vchaurasia007@outlook.com', '2017-06-08 21:00:45', '2017-06-08 21:00:45'),
(5, 4, 'Prakash Amte', 'Plant Supervisor', '0520-568965', '093659-98659', 'prakashtheamte@gmail.com', '2017-06-08 21:02:40', '2017-06-08 21:02:40'),
(6, 5, 'Baburao Apte', 'Stores', '0220-286596', '093461-59246', 'baburaothegreat@gmail.com', '2017-06-08 21:05:06', '2017-06-08 21:05:06'),
(7, 5, 'Ramesh Dube', 'Purchase', '0235-568956', '093498-97643', 'ramyadube@ymail.com', '2017-06-08 21:05:06', '2017-06-08 21:05:06'),
(8, 5, 'Bharat Rao', 'Accounts', '03620-256319', '098989-95623', 'bharatrao@outlook.com', '2017-06-08 21:06:04', '2017-06-08 21:06:04'),
(9, 4, 'Nitin Rana', 'Purchase', '07520-259846', '082098-85965', 'rananitin121@ymail.com', '2017-06-08 21:07:03', '2017-06-08 21:07:03'),
(10, 4, 'Manpreet Singh', 'Procurement', '0259-526563', '072305-86593', 'manpreet.singh@hotmail.com', '2017-06-08 21:07:03', '2017-06-08 21:07:03'),
(11, 6, 'Mr. Birla White', 'Manager', '0224513562', '988856302', 'birla@ultratech.com', '2017-07-10 03:46:12', '2017-07-10 03:46:12'),
(25, 11, 'Mr. Rana Raj', 'Site Manager', '2536524551', '8778985630', 'ranaraj@omkarengg.com', '2017-07-10 07:30:22', '2017-07-10 07:30:22'),
(26, 12, 'Suresh Chauhan', 'Manager', '023-365523', ' +91-9846523510', 'suryo@bangur.com', '2017-07-26 02:26:13', '2017-07-26 02:26:13');

-- --------------------------------------------------------

--
-- Table structure for table `enquiry`
--

CREATE TABLE `enquiry` (
  `sr_no` int(10) UNSIGNED NOT NULL,
  `quotation_no` varchar(191) COLLATE utf8mb4_unicode_ci NOT NULL,
  `quotation_file_name` varchar(191) COLLATE utf8mb4_unicode_ci NOT NULL DEFAULT '',
  `quotation_revisions` int(11) NOT NULL DEFAULT '0',
  `client_id` int(10) UNSIGNED NOT NULL,
  `plant_id` int(10) UNSIGNED NOT NULL,
  `enquiry_no` varchar(191) COLLATE utf8mb4_unicode_ci NOT NULL,
  `attachment_id` int(10) UNSIGNED NOT NULL,
  `product_id` varchar(191) COLLATE utf8mb4_unicode_ci NOT NULL,
  `enquiry_date` date NOT NULL,
  `due_date` date NOT NULL,
  `enquiry_submitted` tinyint(1) NOT NULL DEFAULT '0',
  `total_order_value` varchar(191) COLLATE utf8mb4_unicode_ci NOT NULL,
  `negotitated_rate` varchar(191) COLLATE utf8mb4_unicode_ci NOT NULL DEFAULT '',
  `contact_person` int(10) UNSIGNED NOT NULL,
  `lowest_rate` varchar(191) COLLATE utf8mb4_unicode_ci NOT NULL,
  `products_note` varchar(191) COLLATE utf8mb4_unicode_ci NOT NULL DEFAULT '',
  `created_at` timestamp NULL DEFAULT NULL,
  `updated_at` timestamp NULL DEFAULT NULL,
  `order_id` int(10) UNSIGNED NOT NULL
) ENGINE=InnoDB DEFAULT CHARSET=utf8mb4 COLLATE=utf8mb4_unicode_ci;

--
-- Dumping data for table `enquiry`
--

INSERT INTO `enquiry` (`sr_no`, `quotation_no`, `quotation_file_name`, `quotation_revisions`, `client_id`, `plant_id`, `enquiry_no`, `attachment_id`, `product_id`, `enquiry_date`, `due_date`, `enquiry_submitted`, `total_order_value`, `negotitated_rate`, `contact_person`, `lowest_rate`, `products_note`, `created_at`, `updated_at`, `order_id`) VALUES
(2, '', '', 0, 1, 1, 'BWJ1700393', 1, '1,2,3,4', '2017-07-09', '2017-07-10', 0, '277000', '12500', 1, '9000', '', NULL, '2017-07-17 13:26:23', 0),
(6, '', '', 0, 3, 3, 'EN-2017-204', 6, '20,21,22', '2017-07-16', '2017-07-17', 0, '', '', 3, '', '', NULL, '2017-07-18 05:32:37', 0),
(7, '2017-AEW-001', 'Quotation 2017-AEW-001 - Vitamax Cementer.pdf', 0, 3, 3, 'EEE-56565', 7, '23', '2017-07-17', '2017-07-18', 1, '', '', 9, '', 'jklhjkh', NULL, '2017-07-23 09:01:30', 16),
(8, '2017-AEW-003-2', 'Quotation 2017-AEW-003-2 - Vitamax Cementer.pdf', 2, 3, 3, 'EN-2017-07-16-009', 8, '36,37,38,39', '2017-07-18', '2017-07-20', 1, '', '', 9, '', 'ml kjkj kjhkjhkj h kj hjk', NULL, '2017-07-23 13:22:11', 16),
(9, '', '', 0, 3, 3, 'EN-2017-07-16-105', 9, '25', '2017-07-18', '2017-07-20', 0, '', '', 9, '', '', NULL, NULL, 0),
(10, '', '', 0, 3, 3, 'PPP', 10, '26', '2017-07-17', '2017-07-19', 0, '', '', 3, '', '', NULL, NULL, 0),
(11, '', '', 0, 3, 3, 'EN-2017-07-16-011', 11, '27', '2017-07-17', '2017-07-18', 0, '', '', 3, '', '', NULL, NULL, 0),
(12, '', '', 0, 3, 3, 'QQQ-9876543210', 12, '32,33,34,35', '2017-07-18', '2017-07-20', 0, '', '', 9, '', 'jfd kjdfgjkdfgj kfdgljlfkdjklfdj fldk', NULL, '2017-07-23 08:48:35', 0),
(14, '2017-AEW-003', 'Quotation 2017-AEW-003 - Vitamax Cementer.pdf', 0, 1, 3, 'AAAAA999999', 14, '42', '2017-07-25', '2017-07-26', 1, '', '', 9, '', 'no note', NULL, '2017-08-22 12:50:09', 0),
(15, '', '', 0, 1, 3, 'AQWS-451', 15, '43,44', '2017-07-05', '2017-07-25', 0, '', '', 3, '', '', NULL, NULL, 0),
(16, '', '', 0, 3, 3, 'ZZZZ-0120', 16, '45', '2017-07-20', '2017-07-25', 0, '', '', 9, '', '', NULL, NULL, 0),
(22, '', '', 0, 1, 1, 'AQWERTY-001', 48, '66', '2017-07-30', '2017-07-31', 0, '', '', 1, '', '', NULL, NULL, 0),
(23, '', '', 0, 1, 1, 'AQSZX-9656', 49, '67', '2017-07-31', '2017-08-04', 0, '', '', 1, '', '', NULL, NULL, 0),
(43, '', '', 0, 1, 1, 'PLKIJ-1200', 69, '87', '2017-07-26', '2017-08-05', 0, '', '', 1, '', '', NULL, NULL, 0),
(45, '', '', 0, 3, 3, 'GHJH-6693', 71, '89', '2017-07-31', '2017-08-02', 0, '', '', 3, '', '', NULL, NULL, 0),
(46, '', '', 0, 3, 3, 'CCVD-9656', 72, '90', '2017-07-30', '2017-08-01', 0, '', '', 3, '', '', NULL, NULL, 0),
(47, '', '', 0, 2, 2, 'CDV-3022', 73, '91', '2017-07-30', '2017-08-02', 0, '', '', 2, '', '', NULL, NULL, 0),
(50, '', '', 0, 2, 4, 'LLKL-1202', 76, '94', '2017-07-30', '2017-07-31', 0, '', '', 9, '', '', NULL, NULL, 0),
(51, '', '', 0, 3, 3, 'CX12', 77, '95', '2017-08-01', '2017-08-02', 0, '', '', 4, '', '', NULL, NULL, 0),
(52, '', '', 0, 3, 3, 'LKUJ-1201', 78, '96', '2017-08-01', '2017-08-03', 0, '', '', 3, '', '', NULL, NULL, 0),
(53, '', '', 0, 1, 1, '65656', 79, '97', '2017-08-01', '2017-07-31', 0, '', '', 1, '', '', NULL, NULL, 0),
(57, '', '', 0, 3, 3, '4545WDS', 83, '101', '2017-08-07', '2017-07-31', 0, '', '', 3, '', '', NULL, NULL, 0),
(58, '', '', 0, 2, 4, '4878DDFF', 84, '102', '2017-07-31', '2017-07-31', 0, '', '', 5, '', '', NULL, NULL, 0),
(59, '', '', 0, 1, 1, 'HGJHG7867868', 85, '103', '2017-07-31', '2017-07-31', 0, '', '', 1, '', '', NULL, NULL, 0),
(60, '', '', 0, 3, 3, 'TUHG8887', 86, '104', '2017-07-31', '2017-08-03', 0, '', '', 3, '', '', NULL, NULL, 0),
(61, '', '', 0, 1, 1, 'EDDC-9960', 87, '105', '2017-07-31', '2017-08-01', 0, '', '', 1, '', '', NULL, NULL, 0),
(64, '', '', 0, 3, 3, 'MNNB001', 90, '108', '2017-08-07', '2017-08-14', 0, '', '', 3, '', '', NULL, NULL, 0),
(65, '', '', 0, 1, 1, 'ASASHAGJHGJ', 91, '109', '2017-08-01', '2017-08-02', 0, '', '', 1, '', '', NULL, NULL, 0),
(74, '', '', 0, 3, 3, 'DR-204-001DR-204-001', 100, '118', '2017-08-01', '2017-08-02', 0, '', '', 3, '', '', NULL, NULL, 0),
(75, '', '', 0, 3, 3, 'DR-204-001DR-204-001', 101, '119', '2017-08-01', '2017-08-02', 0, '', '', 3, '', '', NULL, NULL, 0),
(76, '', '', 0, 3, 3, 'WWWWWWWWWWWWW', 102, '120', '2017-08-04', '2017-08-05', 0, '', '', 3, '', '', NULL, NULL, 0),
(77, '', '', 0, 2, 5, 'NBNM-99NBNM-99NBNM-99', 103, '122', '2017-08-04', '2017-08-05', 0, '', '', 7, '', '', NULL, NULL, 0),
(138, '', '', 0, 2, 2, 'SIM-2017', 164, '183', '2017-08-06', '2017-08-07', 0, '', '', 2, '', '', NULL, NULL, 0),
(139, '', '', 0, 3, 3, 'CFL-007', 165, '184', '2017-08-07', '2017-08-10', 0, '', '', 4, '', '', NULL, NULL, 0),
(140, '', '', 0, 1, 1, 'YogMist', 166, '185', '2017-08-07', '2017-08-09', 0, '', '', 1, '', '', NULL, NULL, 0),
(141, '', '', 0, 2, 4, 'NYYTGH5210', 167, '186', '2017-08-07', '2017-08-09', 0, '', '', 5, '', '', NULL, NULL, 0),
(143, '2017-AEW-004-3', 'Quotation 2017-AEW-004-3 - Vikram Cement Works.pdf', 3, 1, 1, 'TOOMANYPRODUCTS', 169, '188,189,190,191,192,193,194,195,196,197,198,199,200,201,202,203,204,205,206,207', '2017-08-23', '2017-08-24', 1, '', '', 1, '', 'fdgdfh', NULL, '2017-08-22 13:43:47', 0);

-- --------------------------------------------------------

--
-- Table structure for table `jobs`
--

CREATE TABLE `jobs` (
  `job_id` int(10) UNSIGNED NOT NULL,
  `job_num` varchar(191) COLLATE utf8mb4_unicode_ci NOT NULL,
  `order_id` int(10) UNSIGNED NOT NULL,
  `section` varchar(191) COLLATE utf8mb4_unicode_ci NOT NULL,
  `make` varchar(191) COLLATE utf8mb4_unicode_ci NOT NULL,
  `product_item_code` varchar(191) COLLATE utf8mb4_unicode_ci NOT NULL,
  `description` varchar(255) COLLATE utf8mb4_unicode_ci NOT NULL,
  `drawing_no` varchar(191) COLLATE utf8mb4_unicode_ci DEFAULT NULL,
  `other_attachment` varchar(191) COLLATE utf8mb4_unicode_ci DEFAULT NULL,
  `product_quantity` int(10) UNSIGNED NOT NULL,
  `product_rate` int(10) UNSIGNED NOT NULL,
  `discount` int(10) UNSIGNED NOT NULL,
  `due_date` date NOT NULL,
  `delivery_date` date NOT NULL,
  `challan_no` varchar(191) COLLATE utf8mb4_unicode_ci NOT NULL,
  `lr_no` varchar(191) COLLATE utf8mb4_unicode_ci NOT NULL,
  `late_delivery` tinyint(4) NOT NULL DEFAULT '0',
  `status` varchar(255) COLLATE utf8mb4_unicode_ci NOT NULL COMMENT 'job currently at',
  `comment` varchar(255) COLLATE utf8mb4_unicode_ci NOT NULL DEFAULT '',
  `created_at` timestamp NULL DEFAULT NULL,
  `updated_at` timestamp NULL DEFAULT NULL,
  `invoice_status` tinyint(4) NOT NULL DEFAULT '0'
) ENGINE=InnoDB DEFAULT CHARSET=utf8mb4 COLLATE=utf8mb4_unicode_ci;

--
-- Dumping data for table `jobs`
--

INSERT INTO `jobs` (`job_id`, `job_num`, `order_id`, `section`, `make`, `product_item_code`, `description`, `drawing_no`, `other_attachment`, `product_quantity`, `product_rate`, `discount`, `due_date`, `delivery_date`, `challan_no`, `lr_no`, `late_delivery`, `status`, `comment`, `created_at`, `updated_at`, `invoice_status`) VALUES
(30, '17/1', 15, 'red', '', 'W-04', 'Iron Bits', 'MISSILE-01', NULL, 36, 12, 3, '2017-08-31', '0000-00-00', '', '', 0, '', '', '2017-09-27 19:50:04', '2017-09-27 19:50:04', 0),
(31, '17/2', 15, '', 'blue', 'W-03', 'Iron Rods', NULL, NULL, 152, 15, 0, '0000-00-00', '2017-09-11', '', '', 0, '', '', '2017-09-27 19:50:04', '2017-09-27 19:50:04', 0),
(32, '17/3', 15, 'green', 'blue', 'MOMO', 'Momomomom', 'MISSILE-01,MISSILE-03,MISSILE-02', NULL, 932, 6, 54, '0000-00-00', '0000-00-00', '', '', 0, '', '', '2017-09-27 19:50:04', '2017-09-27 19:50:04', 0),
(33, '17/4', 15, '', '', 'ABB-001', 'Steel Rods', NULL, NULL, 25, 125, 0, '2017-09-20', '2017-09-09', '', '', 0, '', '', '2017-09-27 19:50:04', '2017-09-27 19:50:04', 0),
(34, '17/5', 16, '', '', 'W-04', 'Iron Bits', NULL, NULL, 36, 12, 0, '0000-00-00', '2017-09-14', '', '', 0, '', '', '2017-09-27 19:53:21', '2017-09-27 19:53:21', 0),
(35, '17/6', 16, '', 'www', 'W-03', 'Iron Rods', NULL, NULL, 152, 0, 0, '2017-09-04', '0000-00-00', '', '', 0, '', '', '2017-09-27 19:53:21', '2017-09-27 19:53:21', 0),
(36, '17/7', 16, 'eeee', '', 'W-01', 'Knobs', NULL, NULL, 12, 0, 0, '0000-00-00', '0000-00-00', '', '', 0, '', '', '2017-09-27 19:53:21', '2017-09-27 19:53:21', 0),
(37, '17/8', 16, 'eeee', 'rrrr', 'ABB-001', 'Steel Rods', NULL, NULL, 25, 125, 55, '0000-00-00', '0000-00-00', '', '', 0, '', '', '2017-09-27 19:53:21', '2017-09-27 19:53:21', 0);

-- --------------------------------------------------------

--
-- Table structure for table `migrations`
--

CREATE TABLE `migrations` (
  `id` int(10) UNSIGNED NOT NULL,
  `migration` varchar(191) COLLATE utf8mb4_unicode_ci NOT NULL,
  `batch` int(11) NOT NULL
) ENGINE=InnoDB DEFAULT CHARSET=utf8mb4 COLLATE=utf8mb4_unicode_ci;

--
-- Dumping data for table `migrations`
--

INSERT INTO `migrations` (`id`, `migration`, `batch`) VALUES
(1, '2014_10_12_000000_create_users_table', 1),
(2, '2014_10_12_100000_create_password_resets_table', 1),
(3, '2017_06_03_153106_create_clients_table', 1),
(4, '2017_06_03_180126_create_plants_table', 1),
(5, '2017_06_03_181006_create_clients_contact_table', 1),
(6, '2017_06_08_175542_create_cities_table', 1),
(7, '2017_06_08_175614_create_states_table', 1),
(8, '2017_06_20_000118_create_units_table', 1),
(9, '2017_06_20_000999_create_attachments', 1),
(10, '2017_06_20_001111_create_enquiry_table', 1),
(11, '2017_06_20_001438_create_products', 1),
(12, '2017_08_29_221054_create_orders_table', 1),
(13, '2017_08_29_221426_create_jobs_table', 1),
(14, '2017_08_29_222119_add_order_id_column_to_enquiry_table', 1),
(15, '2017_09_06_231809_add_invoice_status_column', 2);

-- --------------------------------------------------------

--
-- Table structure for table `orders`
--

CREATE TABLE `orders` (
  `order_id` int(10) UNSIGNED NOT NULL,
  `order_num` varchar(191) COLLATE utf8mb4_unicode_ci NOT NULL,
  `order_date` date NOT NULL,
  `order_copy` varchar(191) COLLATE utf8mb4_unicode_ci DEFAULT NULL,
  `plant_id` int(10) UNSIGNED NOT NULL,
  `created_at` timestamp NULL DEFAULT NULL,
  `updated_at` timestamp NULL DEFAULT NULL
) ENGINE=InnoDB DEFAULT CHARSET=utf8mb4 COLLATE=utf8mb4_unicode_ci;

--
-- Dumping data for table `orders`
--

INSERT INTO `orders` (`order_id`, `order_num`, `order_date`, `order_copy`, `plant_id`, `created_at`, `updated_at`) VALUES
(15, 'YOG123', '2017-09-19', 'YOG123', 3, '2017-09-27 19:50:03', '2017-09-27 19:50:03'),
(16, 'QWE123', '2017-09-04', '', 3, '2017-09-27 19:53:21', '2017-09-27 19:53:21');

-- --------------------------------------------------------

--
-- Table structure for table `password_resets`
--

CREATE TABLE `password_resets` (
  `email` varchar(191) COLLATE utf8mb4_unicode_ci NOT NULL,
  `token` varchar(191) COLLATE utf8mb4_unicode_ci NOT NULL,
  `created_at` timestamp NULL DEFAULT NULL
) ENGINE=InnoDB DEFAULT CHARSET=utf8mb4 COLLATE=utf8mb4_unicode_ci;

-- --------------------------------------------------------

--
-- Table structure for table `plants`
--

CREATE TABLE `plants` (
  `plant_id` int(10) UNSIGNED NOT NULL,
  `client_id` int(10) UNSIGNED NOT NULL,
  `plant_name` varchar(191) COLLATE utf8mb4_unicode_ci NOT NULL,
  `plant_address` varchar(255) COLLATE utf8mb4_unicode_ci NOT NULL,
  `plant_state` varchar(191) COLLATE utf8mb4_unicode_ci NOT NULL,
  `plant_city` varchar(191) COLLATE utf8mb4_unicode_ci NOT NULL,
  `created_at` timestamp NULL DEFAULT NULL,
  `updated_at` timestamp NULL DEFAULT NULL
) ENGINE=InnoDB DEFAULT CHARSET=utf8mb4 COLLATE=utf8mb4_unicode_ci;

--
-- Dumping data for table `plants`
--

INSERT INTO `plants` (`plant_id`, `client_id`, `plant_name`, `plant_address`, `plant_state`, `plant_city`, `created_at`, `updated_at`) VALUES
(1, 1, 'Vikram Cement Works', 'Satara, Maharashtra.', 'Maharashtra', 'Satara', '2017-06-08 20:59:02', '2017-06-08 20:59:02'),
(2, 2, 'Polyplex Cement Factory', 'Vapi, Gujarat.', 'Gujarat', 'Vapi', '2017-06-08 20:59:32', '2017-06-08 20:59:32'),
(3, 3, 'Vitamax Cementer', 'Neemuch, Madhya Pradesh', 'Madhya Pradesh', 'Neemuch', '2017-06-08 21:00:45', '2017-06-08 21:00:45'),
(4, 2, 'SMC Plant', 'Sangli, Maharashtra', 'Maharashtra', 'Sangli', '2017-06-08 21:02:40', '2017-06-08 21:02:40'),
(5, 2, 'Hindustan Cement Builders', 'Jamshedpur, Jharkhand.', 'Jharkhand', 'Jamshedpur', '2017-06-08 21:05:06', '2017-06-08 21:05:06'),
(6, 4, 'Birla White Cement', 'RAJASHREE NAGAR, KHARIA KHANGAR,DIST - JODHPUR,RAJASHTAN', 'Rajasthan', 'Jodhpur', '2017-07-10 03:46:12', '2017-07-10 03:46:12'),
(11, 9, 'Shiv Cements', 'Jamshedpur, Jharkhand.', 'Jharkhand', 'Jamshedpur', '2017-07-10 07:30:22', '2017-07-10 07:30:22'),
(12, 10, 'Banghiya\' EkdumNew Plant.', 'Rana Ind. Estate, Julia Road, Jaipur, Rajasthan', 'Rajasthan', 'Jaipur', '2017-07-26 02:26:13', '2017-07-26 02:26:13');

-- --------------------------------------------------------

--
-- Table structure for table `products`
--

CREATE TABLE `products` (
  `product_id` int(10) UNSIGNED NOT NULL,
  `enquiry_no` varchar(191) COLLATE utf8mb4_unicode_ci NOT NULL,
  `product_name` varchar(191) COLLATE utf8mb4_unicode_ci NOT NULL,
  `product_item_code` varchar(191) COLLATE utf8mb4_unicode_ci NOT NULL,
  `product_quantity` varchar(191) COLLATE utf8mb4_unicode_ci NOT NULL,
  `product_rate` varchar(191) COLLATE utf8mb4_unicode_ci NOT NULL DEFAULT '',
  `unit_id` int(10) UNSIGNED NOT NULL,
  `drawing_no` varchar(191) COLLATE utf8mb4_unicode_ci NOT NULL
) ENGINE=InnoDB DEFAULT CHARSET=utf8mb4 COLLATE=utf8mb4_unicode_ci;

--
-- Dumping data for table `products`
--

INSERT INTO `products` (`product_id`, `enquiry_no`, `product_name`, `product_item_code`, `product_quantity`, `product_rate`, `unit_id`, `drawing_no`) VALUES
(1, 'BWJ1700393', 'AXLE FOR GRINDING ROLLER SHAFT DULY HEAT TREATED & GROUND', 'A1', '1', '62000', 1, ''),
(2, 'BWJ1700393', 'FLAP F/KILN-2 PREHEATER CYCLONE-4', '', '1', '125000', 2, ''),
(3, 'BWJ1700393', 'LOCK WASHER PINS OF CHAIN SINGLE STRAND, 250MM FOR RECLAIMER', '', '200', 'REGRET', 0, ''),
(4, 'BWJ1700393', 'DUPLEX DRIVE SPROCKET WHEEL, 2IN, 21 TEETH FOR QUENCHER SCREW DIN 8188', '', '2', '45000', 1, ''),
(20, 'EN-2017-204', 'Iron Rods', 'IC-1458', '12', '17', 1, 'DR-204-001'),
(21, 'EN-2017-204', 'Conveyor Belts', 'IC-996', '6', '18', 2, 'DR-204-002'),
(22, 'EN-2017-204', 'Knobs', 'IC-113', '300', '19', 1, 'DR-204-001'),
(23, 'EEE-56565', 'Steel Rods', 'ABB-001', '25', '125', 1, 'dddd9999'),
(25, 'EN-2017-07-16-105', 'ABC Product', 'ABC111', '13', '', 2, 'DD99'),
(26, 'PPP', 'pop', '002', '55', '', 1, 'aaa6'),
(27, 'EN-2017-07-16-011', 'ABC Plank', 'IT-213', '300', '', 1, 'DDD-111'),
(32, 'QQQ-9876543210', 'Iron Bits', 'AE-541', '52', '250', 2, 'DR-MH-04-001'),
(33, 'QQQ-9876543210', 'Steel Mini Bunker', 'IC-1458', '5', '349', 1, 'DR-MH-04-002'),
(34, 'QQQ-9876543210', 'Linear Rods', 'AC-99', '10', 'REGRET', 2, 'DR-MH-04-003'),
(35, 'QQQ-9876543210', 'Spiral Rods', 'AV-665', '124', '157', 1, 'DR-MH-04-002'),
(36, 'EN-2017-07-16-009', 'Iron Bits', 'W-04', '36', '12', 2, 'DR-2016-03'),
(37, 'EN-2017-07-16-009', 'Iron Rods', 'W-03', '152', '15', 2, 'DR-2016-04'),
(38, 'EN-2017-07-16-009', 'Conveyor Belts', 'W-02', '360', '20', 1, 'DR-2016-01'),
(39, 'EN-2017-07-16-009', 'Knobs', 'W-01', '12', 'REGRET', 1, 'DR-2016-02'),
(42, 'AAAAA999999', 'A90fdfd0f5d', 'A999900099', '24', '14', 1, 'DDD999'),
(43, 'AQWS-451', '54tgffhdhfgh', '4trtet', '454', '', 2, '2222222222'),
(44, 'AQWS-451', 'ewrwerwer', 'ewrwer', '43', '', 1, '11111111'),
(45, 'ZZZZ-0120', 'hgfhfgh', 'hfgh', '545', '', 2, 'CDR-2017-02'),
(66, 'AQWERTY-001', 'Drill Bits', 'DD1250', '142', '', 2, 'SDR-095'),
(67, 'AQSZX-9656', 'Knobs', 'DD1250', '363', '', 1, 'ASQ-985'),
(87, 'PLKIJ-1200', 'Knobs', '56A', '120', '', 1, 'BHN-4120'),
(89, 'GHJH-6693', 'Knobs', 'KL-001', '24', '', 1, 'NBNM-99'),
(90, 'CCVD-9656', 'Knobs', '5211D', '256', '', 1, 'ZXC-987'),
(91, 'CDV-3022', 'Knobs', '9555Q', '650', '', 1, 'AZZX-960'),
(94, 'LLKL-1202', 'Knobs', 'BG87', '2451', '', 1, '32XS'),
(95, 'CX12', 'Knobs', '45S', '12', '', 1, 'SDS66'),
(96, 'LKUJ-1201', 'Knobs', '32W', '25', '', 1, 'XSDC-965'),
(97, '65656', 'Knobs', '454k', '56', '', 1, '4554lkl'),
(101, '4545WDS', 'Knobs', '545W', '1289', '', 1, '4545WWE'),
(102, '4878DDFF', 'Knobs', '645W', '187', '', 2, '4545WEW'),
(103, 'HGJHG7867868', 'Knobs', '12QA', '197', '', 1, '989QWQW'),
(104, 'TUHG8887', 'Knobs', 'DD905', '2569', '', 1, 'DFG-456'),
(105, 'EDDC-9960', 'Knobs', 'SD96', '215', '', 1, 'XXSC-965'),
(108, 'MNNB001', 'Knobs', '2512ZZX', '298', '', 1, 'SDDW2510'),
(109, 'ASASHAGJHGJ', '5465465456', '5465465', '465464', '', 1, 'DR-204-001'),
(110, 'ASASHAGJHGJ', '5465465456', '5465465', '465464', '', 1, 'DR-204-001'),
(111, 'DR-204-001DR-204-001', 'Aeryerb', '989QWQ', '285', '', 1, 'DR-204-001'),
(112, 'DR-204-001DR-204-001', 'Aeryerb', '989QWQ', '285', '', 1, 'DR-204-001'),
(113, 'DR-204-001DR-204-001', 'Aeryerb', '989QWQ', '285', '', 1, 'DR-204-001'),
(114, 'DR-204-001DR-204-001', 'Aeryerb', '989QWQ', '285', '', 1, 'DR-204-001'),
(115, 'DR-204-001DR-204-001', 'Aeryerb', '989QWQ', '285', '', 1, 'DR-204-001'),
(116, 'DR-204-001DR-204-001', 'Aeryerb', '989QWQ', '285', '', 1, 'DR-204-001'),
(117, 'DR-204-001DR-204-001', 'Aeryerb', '989QWQ', '285', '', 1, 'DR-204-001'),
(118, 'DR-204-001DR-204-001', 'Aeryerb', '989QWQ', '285', '', 1, 'DR-204-001'),
(119, 'DR-204-001DR-204-001', 'Aeryerb', '989QWQ', '285', '', 1, 'DR-204-001'),
(120, 'EN-2017-07-16-009', 'Momomomom', 'MOMO', '932', '', 1, 'MMMMMM,NBNM-99'),
(122, 'NBNM-99NBNM-99NBNM-99', 'HJSD JHSJDHDSJJ', 'BGHNBGH', '456', '', 1, 'FSDFDSF,NBNM-99'),
(183, 'SIM-2017', 'Bhsthk', '22200C', '5550', '', 1, 'MKIUJN,NBNM-99'),
(184, 'CFL-007', 'Lkjhgfdsa', 'AAS', '248', '', 1, 'HUF997,NBNM-99'),
(185, 'YogMist', 'MJNH1425', 'BHNJ', '28', '', 1, 'MKIUJN,NNNNJ-99'),
(186, 'NYYTGH5210', 'btfghyj', 'bbyyt', '258', '', 1, 'MKIUJN,4444kkkk'),
(188, 'TOOMANYPRODUCTS', '53344234', '43545', '54', '12', 1, 'BBBNBNBN'),
(189, 'TOOMANYPRODUCTS', '234435', '234334', '43', '32', 1, 'BBBNBNBN'),
(190, 'TOOMANYPRODUCTS', '34543543', '434', '45', '456', 1, 'BBBNBNBN'),
(191, 'TOOMANYPRODUCTS', '2121', '2323', '1221', '565', 1, 'BBBNBNBN'),
(192, 'TOOMANYPRODUCTS', '2132', '2121', '2323', '65', 1, 'BBBNBNBN'),
(193, 'TOOMANYPRODUCTS', '2332', '2112', '21', '45', 2, 'BBBNBNBN'),
(194, 'TOOMANYPRODUCTS', '212121', '121221', '212', '55', 1, 'BBBNBNBN'),
(195, 'TOOMANYPRODUCTS', '212121', '2212', '21', '22', 2, 'BBBNBNBN'),
(196, 'TOOMANYPRODUCTS', '212121', '1212', '23', '11', 1, 'BBBNBNBN'),
(197, 'TOOMANYPRODUCTS', '434354', '5454', '43', '33', 1, 'BBBNBNBN'),
(198, 'TOOMANYPRODUCTS', 'dfgghjy', 'cvhthyjtgh', '56', '54', 1, 'BBBNBNBN'),
(199, 'TOOMANYPRODUCTS', 'ydfdg', 'hghhghgg', '554', '45', 1, 'BBBNBNBN'),
(200, 'TOOMANYPRODUCTS', 'tyfghgh', 'hgfhgfh', '5454', '554', 1, 'BBBNBNBN'),
(201, 'TOOMANYPRODUCTS', 'fdgfddg', 'dfgdfg', '656', '4554', 1, 'BBBNBNBN'),
(202, 'TOOMANYPRODUCTS', 'xcvfgdf', 'cghfghgfj', '65', '65', 1, 'BBBNBNBN'),
(203, 'TOOMANYPRODUCTS', 'cbnfghjfg', 'fdgdfhg', '54', '34', 1, 'BBBNBNBN'),
(204, 'TOOMANYPRODUCTS', 'hfghju', 'cvhfghfgh', '43546', '45667', 1, 'BBBNBNBN'),
(205, 'TOOMANYPRODUCTS', 'gfhfgju', 'yujkhjg', '6565', '5454', 1, 'BBBNBNBN'),
(206, 'TOOMANYPRODUCTS', 'fgjcvjgh', 'fghfhfgh', '56', '65', 1, 'BBBNBNBN'),
(207, 'TOOMANYPRODUCTS', 'dfgfdg', 'fdgfhdfgh', '54', '545', 1, 'BBBNBNBN');

-- --------------------------------------------------------

--
-- Table structure for table `states`
--

CREATE TABLE `states` (
  `state_id` int(10) UNSIGNED NOT NULL,
  `state` varchar(191) COLLATE utf8mb4_unicode_ci NOT NULL,
  `active` tinyint(1) NOT NULL DEFAULT '1'
) ENGINE=InnoDB DEFAULT CHARSET=utf8mb4 COLLATE=utf8mb4_unicode_ci;

--
-- Dumping data for table `states`
--

INSERT INTO `states` (`state_id`, `state`, `active`) VALUES
(1, 'Andaman & Nicobar Islands', 1),
(2, 'Andhra Pradesh', 1),
(3, 'Arunachal Pradesh', 1),
(4, 'Assam', 1),
(5, 'Bihar', 1),
(6, 'Chhattisgarh', 1),
(7, 'Dadra & Nagar Haveli', 1),
(8, 'Daman & Diu', 1),
(9, 'Delhi', 1),
(10, 'Goa', 1),
(11, 'Gujarat', 1),
(12, 'Haryana', 1),
(13, 'Himachal Pradesh', 1),
(14, 'Jammu & Kashmir', 1),
(15, 'Jharkhand', 1),
(16, 'Karnataka', 1),
(17, 'Kerala', 1),
(18, 'Lakshadweep', 1),
(19, 'Madhya Pradesh', 1),
(20, 'Maharashtra', 1),
(21, 'Manipur', 1),
(22, 'Meghalaya', 1),
(23, 'Mizoram', 1),
(24, 'Nagaland', 1),
(25, 'Orissa', 1),
(26, 'Puducherry', 1),
(27, 'Punjab', 1),
(28, 'Rajasthan', 1),
(29, 'Sikkim', 1),
(30, 'Tamil Nadu', 1),
(31, 'Telangana', 1),
(32, 'Tripura', 1),
(33, 'Uttar Pradesh', 1),
(34, 'Uttarakhand', 1),
(35, 'West Bengal', 1);

-- --------------------------------------------------------

--
-- Table structure for table `units`
--

CREATE TABLE `units` (
  `unit_id` int(10) UNSIGNED NOT NULL,
  `unit_name` varchar(191) COLLATE utf8mb4_unicode_ci NOT NULL
) ENGINE=InnoDB DEFAULT CHARSET=utf8mb4 COLLATE=utf8mb4_unicode_ci;

--
-- Dumping data for table `units`
--

INSERT INTO `units` (`unit_id`, `unit_name`) VALUES
(0, 'N/A'),
(1, 'NO'),
(2, 'SET');

-- --------------------------------------------------------

--
-- Table structure for table `users`
--

CREATE TABLE `users` (
  `id` int(10) UNSIGNED NOT NULL,
  `name` varchar(191) COLLATE utf8mb4_unicode_ci NOT NULL,
  `email` varchar(191) COLLATE utf8mb4_unicode_ci NOT NULL,
  `password` varchar(191) COLLATE utf8mb4_unicode_ci NOT NULL,
  `remember_token` varchar(100) COLLATE utf8mb4_unicode_ci DEFAULT NULL,
  `created_at` timestamp NULL DEFAULT NULL,
  `updated_at` timestamp NULL DEFAULT NULL
) ENGINE=InnoDB DEFAULT CHARSET=utf8mb4 COLLATE=utf8mb4_unicode_ci;

--
-- Indexes for dumped tables
--

--
-- Indexes for table `attachments`
--
ALTER TABLE `attachments`
  ADD PRIMARY KEY (`attachment_id`),
  ADD KEY `attachments_client_drwaing_no_index` (`client_drwaing_no`);

--
-- Indexes for table `cities`
--
ALTER TABLE `cities`
  ADD PRIMARY KEY (`city_id`),
  ADD KEY `cities_state_id_index` (`state_id`);

--
-- Indexes for table `clients`
--
ALTER TABLE `clients`
  ADD PRIMARY KEY (`client_id`);

--
-- Indexes for table `clients_contact`
--
ALTER TABLE `clients_contact`
  ADD PRIMARY KEY (`contact_id`),
  ADD KEY `clients_contact_plant_id_index` (`plant_id`);

--
-- Indexes for table `enquiry`
--
ALTER TABLE `enquiry`
  ADD PRIMARY KEY (`sr_no`),
  ADD KEY `enquiry_quotation_no_index` (`quotation_no`),
  ADD KEY `enquiry_client_id_index` (`client_id`),
  ADD KEY `enquiry_plant_id_index` (`plant_id`),
  ADD KEY `enquiry_enquiry_no_index` (`enquiry_no`),
  ADD KEY `enquiry_attachment_id_index` (`attachment_id`),
  ADD KEY `enquiry_enquiry_date_index` (`enquiry_date`),
  ADD KEY `enquiry_due_date_index` (`due_date`),
  ADD KEY `enquiry_contact_person_index` (`contact_person`),
  ADD KEY `enquiry_order_id_index` (`order_id`);

--
-- Indexes for table `jobs`
--
ALTER TABLE `jobs`
  ADD PRIMARY KEY (`job_id`),
  ADD KEY `jobs_product_item_code_foreign` (`product_item_code`),
  ADD KEY `jobs_order_id_index` (`order_id`);

--
-- Indexes for table `migrations`
--
ALTER TABLE `migrations`
  ADD PRIMARY KEY (`id`);

--
-- Indexes for table `orders`
--
ALTER TABLE `orders`
  ADD PRIMARY KEY (`order_id`),
  ADD KEY `orders_plant_id_index` (`plant_id`);

--
-- Indexes for table `password_resets`
--
ALTER TABLE `password_resets`
  ADD KEY `password_resets_email_index` (`email`);

--
-- Indexes for table `plants`
--
ALTER TABLE `plants`
  ADD PRIMARY KEY (`plant_id`),
  ADD KEY `plants_client_id_index` (`client_id`),
  ADD KEY `plants_plant_state_index` (`plant_state`),
  ADD KEY `plants_plant_city_index` (`plant_city`);

--
-- Indexes for table `products`
--
ALTER TABLE `products`
  ADD PRIMARY KEY (`product_id`),
  ADD KEY `products_enquiry_no_index` (`enquiry_no`),
  ADD KEY `products_product_item_code_index` (`product_item_code`),
  ADD KEY `products_unit_id_index` (`unit_id`);

--
-- Indexes for table `states`
--
ALTER TABLE `states`
  ADD PRIMARY KEY (`state_id`);

--
-- Indexes for table `units`
--
ALTER TABLE `units`
  ADD PRIMARY KEY (`unit_id`);

--
-- Indexes for table `users`
--
ALTER TABLE `users`
  ADD PRIMARY KEY (`id`),
  ADD UNIQUE KEY `users_email_unique` (`email`);

--
-- AUTO_INCREMENT for dumped tables
--

--
-- AUTO_INCREMENT for table `attachments`
--
ALTER TABLE `attachments`
  MODIFY `attachment_id` int(10) UNSIGNED NOT NULL AUTO_INCREMENT, AUTO_INCREMENT=170;
--
-- AUTO_INCREMENT for table `cities`
--
ALTER TABLE `cities`
  MODIFY `city_id` int(10) UNSIGNED NOT NULL AUTO_INCREMENT, AUTO_INCREMENT=1467;
--
-- AUTO_INCREMENT for table `clients`
--
ALTER TABLE `clients`
  MODIFY `client_id` int(10) UNSIGNED NOT NULL AUTO_INCREMENT, AUTO_INCREMENT=11;
--
-- AUTO_INCREMENT for table `clients_contact`
--
ALTER TABLE `clients_contact`
  MODIFY `contact_id` int(10) UNSIGNED NOT NULL AUTO_INCREMENT, AUTO_INCREMENT=27;
--
-- AUTO_INCREMENT for table `enquiry`
--
ALTER TABLE `enquiry`
  MODIFY `sr_no` int(10) UNSIGNED NOT NULL AUTO_INCREMENT, AUTO_INCREMENT=144;
--
-- AUTO_INCREMENT for table `jobs`
--
ALTER TABLE `jobs`
  MODIFY `job_id` int(10) UNSIGNED NOT NULL AUTO_INCREMENT, AUTO_INCREMENT=38;
--
-- AUTO_INCREMENT for table `migrations`
--
ALTER TABLE `migrations`
  MODIFY `id` int(10) UNSIGNED NOT NULL AUTO_INCREMENT, AUTO_INCREMENT=16;
--
-- AUTO_INCREMENT for table `orders`
--
ALTER TABLE `orders`
  MODIFY `order_id` int(10) UNSIGNED NOT NULL AUTO_INCREMENT, AUTO_INCREMENT=17;
--
-- AUTO_INCREMENT for table `plants`
--
ALTER TABLE `plants`
  MODIFY `plant_id` int(10) UNSIGNED NOT NULL AUTO_INCREMENT, AUTO_INCREMENT=13;
--
-- AUTO_INCREMENT for table `products`
--
ALTER TABLE `products`
  MODIFY `product_id` int(10) UNSIGNED NOT NULL AUTO_INCREMENT, AUTO_INCREMENT=208;
--
-- AUTO_INCREMENT for table `states`
--
ALTER TABLE `states`
  MODIFY `state_id` int(10) UNSIGNED NOT NULL AUTO_INCREMENT, AUTO_INCREMENT=36;
--
-- AUTO_INCREMENT for table `units`
--
ALTER TABLE `units`
  MODIFY `unit_id` int(10) UNSIGNED NOT NULL AUTO_INCREMENT, AUTO_INCREMENT=3;
--
-- AUTO_INCREMENT for table `users`
--
ALTER TABLE `users`
  MODIFY `id` int(10) UNSIGNED NOT NULL AUTO_INCREMENT;
--
-- Constraints for dumped tables
--

--
-- Constraints for table `clients_contact`
--
ALTER TABLE `clients_contact`
  ADD CONSTRAINT `clients_contact_plant_id_foreign` FOREIGN KEY (`plant_id`) REFERENCES `plants` (`plant_id`);

--
-- Constraints for table `enquiry`
--
ALTER TABLE `enquiry`
  ADD CONSTRAINT `enquiry_attachment_id_foreign` FOREIGN KEY (`attachment_id`) REFERENCES `attachments` (`attachment_id`),
  ADD CONSTRAINT `enquiry_client_id_foreign` FOREIGN KEY (`client_id`) REFERENCES `clients` (`client_id`),
  ADD CONSTRAINT `enquiry_contact_person_foreign` FOREIGN KEY (`contact_person`) REFERENCES `clients_contact` (`contact_id`),
  ADD CONSTRAINT `enquiry_plant_id_foreign` FOREIGN KEY (`plant_id`) REFERENCES `plants` (`plant_id`);

--
-- Constraints for table `jobs`
--
ALTER TABLE `jobs`
  ADD CONSTRAINT `jobs_order_id_foreign` FOREIGN KEY (`order_id`) REFERENCES `orders` (`order_id`),
  ADD CONSTRAINT `jobs_product_item_code_foreign` FOREIGN KEY (`product_item_code`) REFERENCES `products` (`product_item_code`);

--
-- Constraints for table `orders`
--
ALTER TABLE `orders`
  ADD CONSTRAINT `orders_plant_id_foreign` FOREIGN KEY (`plant_id`) REFERENCES `plants` (`plant_id`);

--
-- Constraints for table `plants`
--
ALTER TABLE `plants`
  ADD CONSTRAINT `plants_client_id_foreign` FOREIGN KEY (`client_id`) REFERENCES `clients` (`client_id`);

--
-- Constraints for table `products`
--
ALTER TABLE `products`
  ADD CONSTRAINT `products_enquiry_no_foreign` FOREIGN KEY (`enquiry_no`) REFERENCES `enquiry` (`enquiry_no`),
  ADD CONSTRAINT `products_unit_id_foreign` FOREIGN KEY (`unit_id`) REFERENCES `units` (`unit_id`);

/*!40101 SET CHARACTER_SET_CLIENT=@OLD_CHARACTER_SET_CLIENT */;
/*!40101 SET CHARACTER_SET_RESULTS=@OLD_CHARACTER_SET_RESULTS */;
/*!40101 SET COLLATION_CONNECTION=@OLD_COLLATION_CONNECTION */;
